C_0.50,C_0.75,C_0.90,C_1.00,L_q_common,L_q_cross_parent,L_q_total,L_q_variable,L_q_within_parent,archive_abs_error,eta_cross,eta_var,overall_pass,placement_id,skeleton_id,surface_id
0.7719313887580111,0.7247954530411682,0.6465014282956998,0.6111952647887913,14.385407502546713,19.179790564314718,23.5365166114594,9.15110910891269,4.3567260471446945,0.0,0.8148950365482932,0.38880473521120884,True,P_easy,S00,saddle
0.8232292360157968,0.6620555063857794,0.6419113809315408,0.5552257989192935,13.190151943890328,18.61298258029576,23.75637437879147,10.566222434901134,5.143391798495709,0.0,0.7834942438401931,0.44477420108070614,True,P_easy,S01,saddle
0.9297811658765167,0.7742338311012286,0.7121620836655036,0.6054615469836967,14.385490434216667,18.810737585343656,23.759544278051443,9.374053843834787,4.948806692707797,0.0,0.7917128950457443,0.3945384530163037,True,P_easy,S02,saddle
0.9702829409319694,0.8088853969774049,0.713931935055688,0.6069661202805713,14.385476740732258,18.935848714095076,23.70062555399722,9.315148813264956,4.764776839902136,3.552713678800501e-15,0.7989598701077938,0.3930338797194285,True,P_easy,S03,saddle
0.923366922387919,0.7642276697530778,0.7142750143552901,0.6072577967953646,14.385488455994896,18.9369401377422,23.68926102210682,9.303772566111936,4.752320884364616,0.0,0.7993892304226058,0.3927422032046359,True,P_easy,S04,saddle
0.8031529390216606,0.7560069203943526,0.6776961476703102,0.6113267453922179,14.385424892653639,19.210524189392054,23.531482960759668,9.146058068106026,4.320958771367609,3.552713678800501e-15,0.8163754159237179,0.38867325460778196,True,P_easy,S05,saddle
0.8140581042746586,0.7114059922485991,0.638439035829901,0.5564651011117069,13.190172766469212,18.058422541388193,23.703504029485163,10.513331263015946,5.645081488096967,0.0,0.761846118570699,0.44353489888829295,True,P_easy,S06,saddle
0.8788557905951074,0.7957166011362694,0.7175684470816408,0.6100575212659851,14.385446708773795,19.145135617651597,23.580475950728815,9.195029241955023,4.435340333077215,0.0,0.8119062421664084,0.389942478734015,True,P_easy,S07,saddle
0.9279357920738839,0.7722520916251319,0.7127864502294229,0.6059923458614584,14.385490461553978,18.829861021419752,23.73873293911666,9.35324247756268,4.908871917696906,0.0,0.793212555603249,0.39400765413854155,True,P_easy,S08,saddle
0.9645514678941252,0.793001285850169,0.7150914007223856,0.6079517494830111,14.385469900595373,19.010999165860003,23.66219015378846,9.276720253193085,4.651190987928458,3.552713678800501e-15,0.8034336231050966,0.3920482505169889,True,P_easy,S09,saddle
0.8897999650629951,0.7954446266986758,0.7173230109973762,0.609848861026101,14.385447174988382,19.149822367558833,23.588544792531305,9.20309761754292,4.438722424972473,0.0,0.8118272040936634,0.39015113897389886,True,P_easy,S10,saddle
0.895590104165772,0.7956813360526569,0.7175364787240318,0.6100303545786643,14.38544859057913,19.17719893894072,23.581529152782686,9.196080562203555,4.4043302138419635,0.0,0.813229660158733,0.3899696454213357,True,P_easy,S11,saddle
0.9999999999999997,0.8097842531734112,0.7147253841505958,0.6076405932165028,14.385473269168505,18.9676459722334,23.674312463260584,9.288839194092088,4.706666491027187,0.0,0.8011909955851384,0.3923594067834976,True,P_easy,S12,saddle
0.8595133068774532,0.8124948562222027,0.7171176171949787,0.6096741697696414,14.385436004242246,19.088239138242642,23.59528534672483,9.209849342482581,4.507046208482188,0.0,0.8089853060790472,0.3903258302303585,True,P_easy,S13,saddle
0.9323212141552478,0.7893619774388516,0.7127571186480577,0.6059673965455157,14.385488500797752,18.83839829864832,23.73970709118378,9.35421859038603,4.901308792535466,3.552713678800501e-15,0.7935396265122554,0.3940326034544844,True,P_easy,S14,saddle
0.9347147942197013,0.8098912695097789,0.7148198975163943,0.6077208534451692,14.385458650007605,18.929056250156247,23.67116179814539,9.285703148137777,4.742105547989144,0.0,0.7996673932430016,0.39227914655483037,True,P_easy,S15,saddle
0.9125521360331522,0.7658880115427134,0.7158266589243095,0.6085768742390086,14.385474275012017,19.043720710051236,23.637891750323654,9.252417475311637,4.5941710402724185,0.0,0.8056437905377279,0.3914231257609914,True,P_easy,S16,saddle
0.9331364673408691,0.8093137652470613,0.7143101637241974,0.6072875615491002,14.385469750207829,18.89055959755389,23.688069147197144,9.302599396989315,4.797509549643248,3.552713678800501e-15,0.79747148153648,0.3927124384508997,True,P_easy,S17,saddle
0.9652308745962906,0.8105983959322379,0.7154438185582092,0.6082513209613993,14.38546282533913,19.00083198888257,23.65052459335646,9.265061768017329,4.649692604473884,0.0,0.8034000224341742,0.39174867903860056,True,P_easy,S18,saddle
0.8914610231459009,0.8120632682907513,0.7167367180315968,0.6093503720283879,14.385441127429965,19.065331413251624,23.607831861239575,9.222390733809618,4.542500447987949,3.552713678800501e-15,0.8075850220093257,0.3906496279716124,True,P_easy,S19,saddle
0.7185567294352457,0.6656102999864213,0.5739981205756427,0.5353932576635558,12.76600226874763,18.474053928548265,23.84415957058962,11.078157301841994,5.370105642041357,0.0,0.7747831863755404,0.4646067423364443,True,P_mid,S00,saddle
0.8174935417531108,0.6516656390056081,0.6344910964526238,0.5386453307038339,12.766022177689338,18.487095089633577,23.700237336149016,10.934215158459674,5.213142246515427,3.552713678800501e-15,0.7800383948660277,0.4613546692961659,True,P_mid,S01,saddle
0.9271781298981718,0.7441276169265443,0.6732701767548706,0.5385978844152337,12.766036988032099,18.1959503045714,23.702352640861996,10.936315652829897,5.506402336290603,0.0,0.7676854099791868,0.4614021155847663,True,P_mid,S02,saddle
0.9640211769935043,0.7815498801388399,0.6723649551667713,0.5378735567669659,12.766068763582737,18.41196796230254,23.734330500120954,10.96826173653822,5.32236253781842,0.0,0.7757525733539739,0.4621264432330343,True,P_mid,S03,saddle
0.9119496208407742,0.7274008569016278,0.671868748559228,0.5374763719199032,12.76605950938092,18.683431658032134,23.751852502426594,10.985792993045672,5.068420844394457,0.0,0.786609451036434,0.4625236280800967,True,P_mid,S04,saddle
0.7533049844071251,0.7003696991781388,0.608776802394684,0.5352824098929961,12.766046207573979,18.632702153028884,23.849179370803412,11.08313316322943,5.21647721777453,0.0,0.7812722552558503,0.46471759010700375,True,P_mid,S05,saddle
0.8221984265757383,0.7083310843671254,0.637378657357688,0.5393164437242145,12.765992354949997,17.778796151834296,23.670690006770926,10.904697651820927,5.891893854936632,0.0,0.7510890534559291,0.4606835562757855,True,P_mid,S06,saddle
0.8489938251155164,0.7620725086610766,0.670316677803002,0.5362345355131884,12.76603298853087,18.54246901862493,23.806808668735766,11.040775680204892,5.2643396501108315,0.0,0.7788725182210493,0.46376546448681144,True,P_mid,S07,saddle
0.9302619654224195,0.7473114952626987,0.6729030280847212,0.5383037844872955,12.7660431683992,18.30266833179881,23.715313799174098,10.949270630774896,5.4126454673752935,0.0,0.7717658086580416,0.46169621551270434,True,P_mid,S08,saddle
0.9659496500417525,0.763517460955643,0.6717707356945101,0.5373978678139982,12.766048045302515,18.489049993137577,23.755300885788113,10.989252840485602,5.266250892650543,0.0,0.7783125998710826,0.46260213218600194,True,P_mid,S09,saddle
0.8729521826771712,0.7626260212456853,0.670804088937905,0.5366247629588019,12.766070120348852,18.66689514452174,23.78956582241982,11.023495702070973,5.122670677898089,0.0,0.7846673320506605,0.46337523704119826,True,P_mid,S10,saddle
0.8667628801756716,0.7618895501175086,0.6701563847135185,0.5361067737493418,12.76608872722359,18.79413522564683,23.812586134553133,11.046497407329545,5.018450908906317,0.0,0.7892521677171257,0.46389322625065826,True,P_mid,S11,saddle
1.0000000000000004,0.7812914148086604,0.6721422446132879,0.5376950390678538,12.766045015268881,18.37369287118992,23.742166261009313,10.97612124574043,5.368473389819412,0.0,0.7738844328356088,0.4623049609321462,True,P_mid,S12,saddle
0.8327711352140449,0.7797052194659985,0.6707768929248893,0.5366026704002634,12.766030098582448,18.363873251034875,23.79047068301019,11.024440584427744,5.426597431975322,3.552713678800501e-15,0.7719003753948136,0.46339732959973656,True,P_mid,S13,saddle
0.930539835733756,0.7647934965946996,0.6730007612509634,0.5383821405495764,12.766063585819872,18.31906748331774,23.711900199342367,10.945836613522497,5.392832716024629,0.0,0.7725685132491324,0.4616178594504236,True,P_mid,S14,saddle
0.9312877614752144,0.7817165618919935,0.6725075885359236,0.5379869718006758,12.76600560535277,18.08392686260033,23.729209580343845,10.963203974991073,5.645282717743517,0.0,0.7620956273899742,0.4620130281993241,True,P_mid,S15,saddle
0.8887327974908679,0.7264313724406809,0.6709727890782293,0.5367597270683376,12.766071149071905,18.833403620352964,23.783586035407964,11.01751488633606,4.950182415054998,0.0,0.7918655997592043,0.4632402729316624,True,P_mid,S16,saddle
0.9319638786150398,0.7819048767381259,0.6726696610898769,0.5381166203883996,12.766005029828571,18.10823811726089,23.723491425732917,10.957486395904336,5.615253308472019,0.0,0.7633040934952284,0.4618833796116001,True,P_mid,S17,saddle
0.9654780209790133,0.7811473414211363,0.6720182174439407,0.5375957863067993,12.766040921147278,18.369248774540214,23.746542004817456,10.98050108367017,5.3772932302772505,0.0,0.773554683069798,0.46240421369320034,True,P_mid,S18,saddle
0.8661421081721884,0.7800273861839621,0.671054224425889,0.5368247753998671,12.766059533719629,18.400120914436584,23.78068248472794,11.014622951008311,5.3805615702913725,0.0,0.7737423400801564,0.46317522460013294,True,P_mid,S19,saddle
0.7279911651436081,0.6705556145241661,0.582064253114308,0.5436914661302362,14.954597398702932,21.057878346084117,27.50566880356496,12.551071404862027,6.447790457480832,0.0,0.7655832147355328,0.45630853386976383,True,P_hard,S00,saddle
0.8185817423007079,0.657236498804241,0.6366564475825115,0.5466371024997652,14.93670391406056,21.74360223782571,27.32471660952977,12.388012695469213,5.581114371704046,0.0,0.7957484993729965,0.45336289750023495,True,P_hard,S01,saddle
0.9208343635392006,0.7443279852511183,0.6728784295608963,0.5446901988346621,14.93659209996016,21.465997632200835,27.422178941196783,12.485586841236628,5.956181308995938,0.0,0.782796935219182,0.4553098011653381,True,P_hard,S02,saddle
0.9639615268803854,0.7826557866616898,0.673284290350023,0.5450651959849151,14.943318606608932,21.579129905851378,27.415653607467707,12.472335000858777,5.836523701616318,0.0,0.7871098101404911,0.4549348040150849,True,P_hard,S03,saddle
0.9157012042399125,0.7331792479978921,0.6746244692996359,0.5461021662404559,14.936477539567395,21.81624088515652,27.351068102137262,12.414590562569867,5.534827216980735,3.552713678800501e-15,0.797637620720624,0.45389783375954407,True,P_hard,S04,saddle
0.7605352797154439,0.7031034559576982,0.6146178365501671,0.5436485541633844,14.95438743239953,21.25031534257967,27.507453699408238,12.553066267008706,6.25713835682856,0.0,0.772529350582414,0.45635144583661547,True,P_hard,S05,saddle
0.8154416617218937,0.7052232360383203,0.6338268765389642,0.5442533933930378,14.935801459948056,20.95298952608552,27.4427346549625,12.506933195014442,6.489745128876975,0.0,0.7635168211013755,0.45574660660696215,True,P_hard,S06,saddle
0.8513167699376119,0.7598573435220398,0.6713910786651189,0.5436272239584954,14.957051234515815,21.465981998751758,27.513433057314565,12.556381822798745,6.047451058562797,3.552713678800501e-15,0.7802000555159704,0.45637277604150445,True,P_hard,S07,saddle
0.920408096205035,0.7438013333923946,0.6732611683415832,0.5449996800369405,14.936583861125323,21.565818753847356,27.406591982059343,12.470008120934017,5.840773228211984,0.0,0.7868843659205996,0.4550003199630593,True,P_hard,S08,saddle
0.9626567505717317,0.7644437937230565,0.6730470088680076,0.5451010643347018,14.95816438486994,21.64914909317302,27.441084531960037,12.482920147090102,5.791935438787006,0.0,0.7889319778144601,0.4548989356652983,True,P_hard,S09,saddle
0.8689185433292098,0.7616381486042128,0.6729526857365042,0.5448718136478147,14.95418870059605,21.55973608077496,27.44533361063506,12.491144910039004,5.88559752986009,3.552713678800501e-15,0.7855519771281108,0.45512818635218516,True,P_hard,S10,saddle
0.869566586720114,0.7615938136151646,0.6729256094056287,0.5448696625292387,14.957040381264731,21.681517387365602,27.450675656698188,12.493635275433455,5.769158269332574,3.552713678800501e-15,0.7898354728501968,0.4551303374707612,True,P_hard,S11,saddle
0.9999999999999993,0.7818883784813814,0.6726241144444456,0.544530427649749,14.94332414335291,21.528934306544937,27.44258793369891,12.499263790346,5.913653627153966,0.0,0.784508165139479,0.45546957235025093,True,P_hard,S12,saddle
0.837887524755177,0.7804819903695047,0.6717307665014673,0.5439192512754806,14.957136208467384,21.21489998371614,27.498817468573094,12.541681260105719,6.283917484856947,0.0,0.7714840831959956,0.4560807487245197,True,P_hard,S13,saddle
0.9225776005420406,0.7616780474577974,0.6734131662829428,0.5451227206295878,14.936583780747744,21.53787058928284,27.400405845305407,12.463822064557663,5.862535256022566,0.0,0.7860420283874368,0.45487727937041217,True,P_hard,S14,saddle
0.9327356969943343,0.7809544162163892,0.6718151216208758,0.5438683176839284,14.942288200802672,21.146423067285273,27.474092008952894,12.531803808150222,6.3276689416676195,3.552713678800501e-15,0.7696859667061738,0.4561316823160716,True,P_hard,S15,saddle
0.8986184930624669,0.7330473709638655,0.674522402657548,0.546067010774485,14.943295766421889,21.862516869677695,27.365315010016555,12.422019243594661,5.502798140338856,3.552713678800501e-15,0.7989134004733852,0.4539329892255147,True,P_hard,S16,saddle
0.9292364297477765,0.7808417626295622,0.671682736737276,0.5437126552089102,14.935294310772345,21.238461598515567,27.46909450734372,12.533800196571377,6.230632908828144,3.552713678800501e-15,0.7731766182841439,0.4562873447910899,True,P_hard,S17,saddle
0.9621162769210526,0.7818387962146872,0.6725748736669926,0.5444820103204376,14.942091501523187,21.42957419419849,27.44276434905442,12.500672847531225,6.013190154855923,0.0,0.7808824913419072,0.45551798967956203,True,P_hard,S18,saddle
0.8738895254779118,0.7813110222995514,0.6721212878956686,0.5441161398589232,14.942283167200099,21.249435286739594,27.461569456613233,12.519286289413136,6.212134169873642,3.552713678800501e-15,0.773788086668235,0.4558838601410769,True,P_hard,S19,saddle
0.9812302683764617,0.9294313345434579,0.7771656809371026,0.25565201366582146,28.484181477724402,85.83631743015212,111.41778650317158,82.93360502544716,25.581469073019495,0.0,0.7704004910177311,0.7443479863341783,True,P_easy,S00,hemisphere
0.9663308382420134,0.9335324494770083,0.7785608170921097,0.25611032589019533,28.484153777614583,85.98215407695152,111.2182950008305,82.73414122321586,25.236140923878978,0.0,0.773093618062653,0.7438896741098041,True,P_easy,S01,hemisphere
0.9850357330844821,0.9396623557523426,0.7789708444693463,0.25624570890005344,28.484173006022154,86.48227156618944,111.15960976787392,82.67543676185177,24.677338201684513,1.4210854715202004e-14,0.7780008561273626,0.7437542910999466,True,P_easy,S02,hemisphere
0.9837819512293823,0.9424982619622838,0.7776345599309906,0.2558057747513717,28.484176355625724,85.47224430834738,111.35079488846834,82.86661853284257,25.878550580120983,0.0,0.7675943794919332,0.7441942252486278,True,P_easy,S03,hemisphere
0.9926328035071125,0.9440827612580271,0.7789427090964054,0.2562365421407299,28.484184023812798,86.16792671093468,111.16362945675701,82.67944543294419,24.995702745822367,0.0,0.7751449564216889,0.74376345785927,True,P_easy,S04,hemisphere
0.997154505182429,0.9432157439407733,0.7782273339589358,0.25600113715751904,28.484170880725074,86.30785485939424,111.2657982577577,82.78162737703265,24.9579433983635,0.0,0.7756907891808223,0.7439988628424812,True,P_easy,S05,hemisphere
0.9971542837676567,0.9432891781312948,0.7782879300057969,0.2560210975322239,28.484175365787948,86.11514454614836,111.25714107292586,82.77296570713789,25.14199652677752,0.0,0.7740190311892191,0.7439789024677759,True,P_easy,S06,hemisphere
0.9797044078528272,0.9343167524751029,0.7792157468478019,0.25632616208211306,28.484152787776786,86.62505431475246,111.124641185288,82.64048839751115,24.499586870535524,1.4210854715202004e-14,0.7795305648754789,0.7436738379178863,True,P_easy,S07,hemisphere
0.971661879039976,0.9388737993043811,0.7783163267286005,0.25603000827479405,28.484173995859948,85.83937132838848,111.25326358341641,82.76908958755645,25.413892255027953,0.0,0.7715672202643036,0.7439699917252058,True,P_easy,S08,hemisphere
0.9926333772038822,0.944009203501228,0.7788820110908797,0.25621654819946993,28.48417953874992,86.36063702418049,111.1722866415888,82.68810710283891,24.81164961740836,0.0,0.7768180329203875,0.7437834518005304,True,P_easy,S09,hemisphere
0.9837832120352065,0.9424249510167974,0.777574065639268,0.25578584790282294,28.484171870562857,85.66495462159324,111.35945207330016,82.87528020273731,25.69449745170696,1.4210854715202004e-14,0.7692652309855653,0.7442141520971771,True,P_easy,S10,hemisphere
0.9747192183426381,0.935437516483996,0.77739112302805,0.25572580744836615,28.484188370945816,85.27519132876245,111.38566206970364,82.90147369875781,26.110470740941192,1.4210854715202004e-14,0.7655849931151676,0.7442741925516337,True,P_easy,S11,hemisphere
0.9792546518600386,0.943217078104448,0.7782276426934414,0.25600089669454723,28.484180528587704,85.71773678637949,111.26594045713126,82.78175992854358,25.548203670751818,0.0,0.7703861256572488,0.7439991033054529,True,P_easy,S12,hemisphere
0.9792530376168361,0.9432905123049268,0.778288238686877,0.25602085702502936,28.484185013650578,85.52502647313368,111.25728327229949,82.77309825864887,25.732256799165828,0.0,0.7687139570342848,0.7439791429749703,True,P_easy,S13,hemisphere
0.9880797349825674,0.936222243145038,0.7780440835499303,0.2559409954761331,28.484187381108026,85.91809156656345,111.29200825416115,82.80782087305313,25.37391668759774,0.0,0.7720059410766452,0.744059004523867,True,P_easy,S14,hemisphere
0.9678905741836668,0.9286531964086233,0.7765141946494972,0.25543731106109574,28.484182467562174,85.19341719235112,111.51144031871405,83.02725785115186,26.318023126362952,0.0,0.7639881338529694,0.7445626889389041,True,P_easy,S15,hemisphere
0.647519583484138,0.5902985920966419,0.5487503305372673,0.2519196989776095,28.483775947455012,87.47497790583998,113.06688624610746,84.58311029865241,25.591908340267516,1.4210854715202004e-14,0.7736569106133978,0.7480803010223902,False,P_easy,S16,hemisphere
0.7046784203652763,0.6491333323271024,0.6322591786246415,0.2537118179113271,28.484198556720656,85.17783466458222,112.26989263336546,83.78569407664473,27.092057968783244,0.0,0.7586881279270792,0.7462881820886723,True,P_easy,S17,hemisphere
0.6866082114350389,0.6217172339067688,0.5707053166351111,0.2550016510314211,28.48562379893733,87.27800549191726,111.70760535753298,83.22198155859563,24.429599865615735,1.4210854715202004e-14,0.7813076398207087,0.7449983489685787,False,P_easy,S18,hemisphere
0.64190162954161,0.5940293932106543,0.5506413755143134,0.25281167119525816,28.483759498051157,87.22169558517366,112.66789766225558,84.18413816420444,25.446202077081956,0.0,0.7741486030620544,0.747188328804742,False,P_easy,S19,hemisphere
