directed_transition_jaccard,geometric_path_distance,normalized_sequence_distance,skeleton_a,skeleton_b,surface_id,tangent_disagreement,tree_edge_jaccard,undirected_transition_jaccard
0.36507936507936506,0.06844834243105258,0.75,S00,S01,saddle,1.1505011952503996,0.4791666666666667,0.36507936507936506
0.47766323024054985,0.06711525797472924,0.6712962962962963,S00,S02,saddle,1.13847517574422,0.5777777777777777,0.47766323024054985
0.519434628975265,0.05616588951390766,0.5601851851851852,S00,S03,saddle,1.0064498293049877,0.6136363636363636,0.519434628975265
0.4576271186440678,0.06399829703634397,0.6759259259259259,S00,S04,saddle,1.0495571885691766,0.5604395604395604,0.4576271186440678
0.9282511210762332,0.005905271547841647,0.08333333333333333,S00,S05,saddle,0.21731478121117306,0.9452054794520548,0.9282511210762332
0.5636363636363636,0.050394643403913746,0.4861111111111111,S00,S06,saddle,0.9300080621885913,0.6511627906976745,0.5636363636363636
0.7695473251028807,0.03282210185101653,0.3333333333333333,S00,S07,saddle,0.6943528291329101,0.8205128205128205,0.7695473251028807
0.47766323024054985,0.06836286480535976,0.7175925925925926,S00,S08,saddle,1.1095726909022239,0.5777777777777777,0.47766323024054985
0.5636363636363636,0.041043322242095434,0.5462962962962963,S00,S09,saddle,0.8287142149112684,0.6511627906976745,0.5636363636363636
0.6862745098039216,0.024986148671284823,0.3287037037037037,S00,S10,saddle,0.668402080525207,0.7530864197530864,0.6862745098039216
0.6862745098039216,0.030595332308109912,0.36574074074074076,S00,S11,saddle,0.7197884370808468,0.7530864197530864,0.6862745098039216
0.5636363636363636,0.0580222453765131,0.5555555555555556,S00,S12,saddle,1.0366160992149438,0.6511627906976745,0.5636363636363636
0.799163179916318,0.026424774605135128,0.2777777777777778,S00,S13,saddle,0.6095835871710631,0.8441558441558441,0.799163179916318
0.47766323024054985,0.06716924823286813,0.6712962962962963,S00,S14,saddle,1.1294173658823512,0.5777777777777777,0.47766323024054985
0.6602316602316602,0.044787507322695395,0.41203703703703703,S00,S15,saddle,0.8587776132133819,0.7317073170731707,0.6602316602316602
0.519434628975265,0.05630568751124766,0.5740740740740741,S00,S16,saddle,0.939386030156962,0.6136363636363636,0.519434628975265
0.6104868913857678,0.05564595911871978,0.5231481481481481,S00,S17,saddle,1.0151265259517448,0.6904761904761905,0.6104868913857678
0.6104868913857678,0.049540816447317254,0.46296296296296297,S00,S18,saddle,0.9338495490430203,0.6904761904761905,0.6104868913857678
0.7408906882591093,0.04266644592204015,0.3425925925925926,S00,S19,saddle,0.7855979344832764,0.7974683544303798,0.7408906882591093
0.799163179916318,0.017451853775498072,0.22685185185185186,S01,S02,saddle,0.5016334296757704,0.8441558441558441,0.799163179916318
0.7408906882591093,0.03396318659235183,0.3333333333333333,S01,S03,saddle,0.758046241405082,0.7974683544303798,0.7408906882591093
0.8297872340425532,0.014593173956643968,0.18055555555555555,S01,S04,saddle,0.4520443885013315,0.868421052631579,0.8297872340425532
0.4006514657980456,0.06835541210511643,0.7314814814814815,S01,S05,saddle,1.0867505827281065,0.5106382978723404,0.4006514657980456
0.6862745098039216,0.02378957098254927,0.3055555555555556,S01,S06,saddle,0.6423298695407339,0.7530864197530864,0.6862745098039216
0.49825783972125437,0.05610454715757657,0.5879629629629629,S01,S07,saddle,1.0332384164924904,0.5955056179775281,0.49825783972125437
0.799163179916318,0.011432356014882943,0.18518518518518517,S01,S08,saddle,0.3905094505043188,0.8441558441558441,0.799163179916318
0.6862745098039216,0.04331786221107705,0.375,S01,S09,saddle,0.7971731539187572,0.7530864197530864,0.6862745098039216
0.5636363636363636,0.06353403575372712,0.5833333333333334,S01,S10,saddle,1.0618509353681196,0.6511627906976745,0.5636363636363636
0.5636363636363636,0.05427954197415427,0.5416666666666666,S01,S11,saddle,0.9629614706641202,0.6511627906976745,0.5636363636363636
0.6862745098039216,0.031233722360942604,0.37037037037037035,S01,S12,saddle,0.7461652066713463,0.7530864197530864,0.6862745098039216
0.47766323024054985,0.05833527174455863,0.6203703703703703,S01,S13,saddle,1.037276306382658,0.5777777777777777,0.47766323024054985
0.799163179916318,0.01748467239214249,0.23148148148148148,S01,S14,saddle,0.49872976411757974,0.8441558441558441,0.799163179916318
0.5867158671586716,0.041036631506349966,0.5,S01,S15,saddle,0.9299220510699445,0.6705882352941176,0.5867158671586716
0.7408906882591093,0.022287778863533506,0.27314814814814814,S01,S16,saddle,0.557368271691807,0.7974683544303798,0.7408906882591093
0.6349809885931559,0.03381428878896907,0.4074074074074074,S01,S17,saddle,0.8625639543359324,0.7108433734939759,0.6349809885931559
0.6349809885931559,0.042282367900681836,0.4675925925925926,S01,S18,saddle,0.9165467308745011,0.7108433734939759,0.6349809885931559
0.519434628975265,0.04252484153797596,0.5648148148148148,S01,S19,saddle,0.9250503807602657,0.6136363636363636,0.519434628975265
0.8614718614718615,0.02330950643423095,0.16666666666666666,S02,S03,saddle,0.4582535006396225,0.8933333333333333,0.8614718614718615
0.7695473251028807,0.022686165414978685,0.27314814814814814,S02,S04,saddle,0.5165629064342233,0.8205128205128205,0.7695473251028807
0.519434628975265,0.06698796120462233,0.6296296296296297,S02,S05,saddle,1.070970472691662,0.6136363636363636,0.519434628975265
0.799163179916318,0.024761333175414804,0.26851851851851855,S02,S06,saddle,0.565204523538104,0.8441558441558441,0.799163179916318
0.6349809885931559,0.0485127414384544,0.44907407407407407,S02,S07,saddle,0.8627110153846361,0.7108433734939759,0.6349809885931559
0.9282511210762332,0.010550917229464125,0.08333333333333333,S02,S08,saddle,0.2805648223502956,0.9452054794520548,0.9282511210762332
0.799163179916318,0.046929100135996965,0.2962962962962963,S02,S09,saddle,0.781172390593308,0.8441558441558441,0.799163179916318
0.6602316602316602,0.05782212664199704,0.4351851851851852,S02,S10,saddle,0.976520527199831,0.7317073170731707,0.6602316602316602
0.6602316602316602,0.04450785108139711,0.39351851851851855,S02,S11,saddle,0.7776914264533592,0.7317073170731707,0.6602316602316602
0.8614718614718615,0.019702087764648296,0.18518518518518517,S02,S12,saddle,0.4072091562351443,0.8933333333333333,0.8614718614718615
0.6104868913857678,0.05660508319448682,0.5138888888888888,S02,S13,saddle,0.9975289657559888,0.6904761904761905,0.6104868913857678
0.9282511210762332,0.002466114211976512,0.05555555555555555,S02,S14,saddle,0.15485531752003556,0.9452054794520548,0.9282511210762332
0.7408906882591093,0.038810755284769155,0.37037037037037035,S02,S15,saddle,0.8177498726207691,0.7974683544303798,0.7408906882591093
0.6862745098039216,0.03209964721044423,0.375,S02,S16,saddle,0.6993622719322158,0.7530864197530864,0.6862745098039216
0.799163179916318,0.02789945790526456,0.26851851851851855,S02,S17,saddle,0.6825264298720646,0.8441558441558441,0.799163179916318
0.799163179916318,0.03659716398557998,0.2824074074074074,S02,S18,saddle,0.7929112317886654,0.8441558441558441,0.799163179916318
0.6602316602316602,0.04061858102707537,0.4398148148148148,S02,S19,saddle,0.8623945338668474,0.7317073170731707,0.6602316602316602
0.8297872340425532,0.025643829758682436,0.25,S03,S04,saddle,0.5294867987044297,0.868421052631579,0.8297872340425532
0.5636363636363636,0.05598971494955698,0.5324074074074074,S03,S05,saddle,0.9392241907394756,0.6511627906976745,0.5636363636363636
0.6862745098039216,0.041256188429436624,0.39351851851851855,S03,S06,saddle,0.8198744112000521,0.7530864197530864,0.6862745098039216
0.6862745098039216,0.037383096747281366,0.3611111111111111,S03,S07,saddle,0.7306121531710784,0.7530864197530864,0.6862745098039216
0.8614718614718615,0.03071572115398971,0.19444444444444445,S03,S08,saddle,0.5656824676169128,0.8933333333333333,0.8614718614718615
0.8614718614718615,0.03503315305192436,0.19444444444444445,S03,S09,saddle,0.6876863201591892,0.8933333333333333,0.8614718614718615
0.7695473251028807,0.047147417152532,0.32407407407407407,S03,S10,saddle,0.84963933594241,0.8205128205128205,0.7695473251028807
0.7695473251028807,0.03232820073090532,0.26851851851851855,S03,S11,saddle,0.6060357952390056,0.8205128205128205,0.7695473251028807
0.9282511210762332,0.006404711363082254,0.08333333333333333,S03,S12,saddle,0.21274587921733223,0.9452054794520548,0.9282511210762332
0.6602316602316602,0.04298138415246529,0.4351851851851852,S03,S13,saddle,0.8752493363866279,0.7317073170731707,0.6602316602316602
0.9282511210762332,0.02209110638076487,0.1111111111111111,S03,S14,saddle,0.39908230161641367,0.9452054794520548,0.9282511210762332
0.799163179916318,0.024946331503936003,0.25462962962962965,S03,S15,saddle,0.6176947088217613,0.8441558441558441,0.799163179916318
0.799163179916318,0.022495741994414745,0.26851851851851855,S03,S16,saddle,0.5267887075795453,0.8441558441558441,0.799163179916318
0.799163179916318,0.030303249287735413,0.25925925925925924,S03,S17,saddle,0.653529262314839,0.8441558441558441,0.799163179916318
0.8614718614718615,0.0272046479574824,0.19444444444444445,S03,S18,saddle,0.6430358557952167,0.8933333333333333,0.8614718614718615
0.7131474103585658,0.032773168470090756,0.375,S03,S19,saddle,0.7477108770420468,0.775,0.7131474103585658
0.49825783972125437,0.06387253811663744,0.6435185185185185,S04,S05,saddle,0.9851921829513577,0.5955056179775281,0.49825783972125437
0.6104868913857678,0.034478859409628235,0.4444444444444444,S04,S06,saddle,0.7501020622793558,0.6904761904761905,0.6104868913857678
0.6104868913857678,0.051444464264505746,0.49074074074074076,S04,S07,saddle,0.905331430562548,0.6904761904761905,0.6104868913857678
0.8297872340425532,0.016532002647813987,0.2037037037037037,S04,S08,saddle,0.39812771102707567,0.868421052631579,0.8297872340425532
0.8297872340425532,0.0383784344155256,0.2037037037037037,S04,S09,saddle,0.6751342546322622,0.868421052631579,0.8297872340425532
0.6862745098039216,0.058858792122987356,0.4861111111111111,S04,S10,saddle,0.958155231136421,0.7530864197530864,0.6862745098039216
0.6862745098039216,0.0495516264809105,0.4444444444444444,S04,S11,saddle,0.8476639126886487,0.7530864197530864,0.6862745098039216
0.8297872340425532,0.02736961148777701,0.19907407407407407,S04,S12,saddle,0.610785811989919,0.868421052631579,0.8297872340425532
0.5867158671586716,0.05371233969775674,0.5231481481481481,S04,S13,saddle,0.9332738296978361,0.6705882352941176,0.5867158671586716
0.8297872340425532,0.022507044713106716,0.25,S04,S14,saddle,0.5029815851701231,0.868421052631579,0.8297872340425532
0.7131474103585658,0.03727011044180343,0.3287037037037037,S04,S15,saddle,0.809767481178567,0.775,0.7131474103585658
0.8942731277533039,0.02115044965068931,0.1388888888888889,S04,S16,saddle,0.41839283501125824,0.918918918918919,0.8942731277533039
0.7695473251028807,0.020235679981862008,0.22685185185185186,S04,S17,saddle,0.5074680954389363,0.8205128205128205,0.7695473251028807
0.7695473251028807,0.04171054332933227,0.3055555555555556,S04,S18,saddle,0.8073765180357971,0.8205128205128205,0.7695473251028807
0.6349809885931559,0.04213625329049352,0.4675925925925926,S04,S19,saddle,0.8509851114877209,0.7108433734939759,0.6349809885931559
0.5636363636363636,0.0537699567549449,0.5138888888888888,S05,S06,saddle,0.9153899075633559,0.6511627906976745,0.5636363636363636
0.8297872340425532,0.032662084011268376,0.25,S05,S07,saddle,0.6400875550808838,0.868421052631579,0.8297872340425532
0.519434628975265,0.06819067674384299,0.6712962962962963,S05,S08,saddle,1.0463576741064016,0.6136363636363636,0.519434628975265
0.6104868913857678,0.04094475372446015,0.5,S05,S09,saddle,0.788721779838009,0.6904761904761905,0.6104868913857678
0.7408906882591093,0.022736317159246393,0.28703703703703703,S05,S10,saddle,0.5490738107339829,0.7974683544303798,0.7408906882591093
0.7408906882591093,0.030186097486230513,0.33796296296296297,S05,S11,saddle,0.6321289393723888,0.7974683544303798,0.7408906882591093
0.6104868913857678,0.05786343063777855,0.5138888888888888,S05,S12,saddle,0.9673638041799986,0.6904761904761905,0.6104868913857678
0.8614718614718615,0.021115088672550505,0.19444444444444445,S05,S13,saddle,0.45715023660146153,0.8933333333333333,0.8614718614718615
0.519434628975265,0.0670011637624935,0.6435185185185185,S05,S14,saddle,1.0623019419339137,0.6136363636363636,0.519434628975265
0.7131474103585658,0.0394775896712143,0.3287037037037037,S05,S15,saddle,0.7078202524379055,0.775,0.7131474103585658
0.5636363636363636,0.056078669503328904,0.5509259259259259,S05,S16,saddle,0.8737017391931743,0.6511627906976745,0.5636363636363636
0.6602316602316602,0.053600936011529925,0.4398148148148148,S05,S17,saddle,0.9262030558035765,0.7317073170731707,0.6602316602316602
0.6602316602316602,0.0475075522920072,0.41203703703703703,S05,S18,saddle,0.8492901383578437,0.7317073170731707,0.6602316602316602
0.799163179916318,0.038292423826413916,0.2777777777777778,S05,S19,saddle,0.6799635662292914,0.8441558441558441,0.799163179916318
0.5867158671586716,0.06446607209165284,0.5555555555555556,S06,S07,saddle,1.0794944517832386,0.6705882352941176,0.5867158671586716
0.7408906882591093,0.025984592221742167,0.3425925925925926,S06,S08,saddle,0.5501250078197711,0.7974683544303798,0.7408906882591093
0.6349809885931559,0.057914734377789386,0.5277777777777778,S06,S09,saddle,0.9592637855763012,0.7108433734939759,0.6349809885931559
0.5636363636363636,0.055736450564618505,0.5555555555555556,S06,S10,saddle,0.9545937998594214,0.6511627906976745,0.5636363636363636
0.519434628975265,0.061663804954850535,0.6018518518518519,S06,S11,saddle,1.0313698457466818,0.6136363636363636,0.519434628975265
0.6862745098039216,0.03826256543093043,0.42592592592592593,S06,S12,saddle,0.7886475704610291,0.7530864197530864,0.6862745098039216
0.6602316602316602,0.04303423437722386,0.3888888888888889,S06,S13,saddle,0.8175632734160196,0.7317073170731707,0.6602316602316602
0.7408906882591093,0.024754071763859006,0.2962962962962963,S06,S14,saddle,0.5623671675241615,0.7974683544303798,0.7408906882591093
0.799163179916318,0.024768289680131027,0.26851851851851855,S06,S15,saddle,0.5853845219873591,0.8441558441558441,0.799163179916318
0.5412186379928315,0.041615840746446614,0.5370370370370371,S06,S16,saddle,0.8667007897259417,0.632183908045977,0.5412186379928315
0.799163179916318,0.025056448605182573,0.2777777777777778,S06,S17,saddle,0.6266388607916911,0.8441558441558441,0.799163179916318
0.6862745098039216,0.03382047797010501,0.42592592592592593,S06,S18,saddle,0.7621469990341813,0.7530864197530864,0.6862745098039216
0.6602316602316602,0.02684867767148765,0.3611111111111111,S06,S19,saddle,0.6603920337887343,0.7317073170731707,0.6602316602316602
0.6349809885931559,0.054212856125713776,0.5046296296296297,S07,S08,saddle,0.9313987540519607,0.7108433734939759,0.6349809885931559
0.7408906882591093,0.030255072975511076,0.33796296296296297,S07,S09,saddle,0.6344082136769422,0.7974683544303798,0.7408906882591093
0.8297872340425532,0.017595231567939143,0.17592592592592593,S07,S10,saddle,0.41525481472580555,0.868421052631579,0.8297872340425532
0.8942731277533039,0.005970914822077906,0.09259259259259259,S07,S11,saddle,0.2171736782598353,0.918918918918919,0.8942731277533039
0.7408906882591093,0.03914144329001769,0.33796296296296297,S07,S12,saddle,0.746742390520174,0.7974683544303798,0.7408906882591093
0.8942731277533039,0.036921942316025455,0.16666666666666666,S07,S13,saddle,0.7063040054491033,0.918918918918919,0.8942731277533039
0.6349809885931559,0.04846862273566907,0.4583333333333333,S07,S14,saddle,0.8574218320587688,0.7108433734939759,0.6349809885931559
0.7408906882591093,0.05497020708588757,0.36574074074074076,S07,S15,saddle,0.9310544108059765,0.7974683544303798,0.7408906882591093
0.6862745098039216,0.04371762387750315,0.37962962962962965,S07,S16,saddle,0.7987972008197836,0.7530864197530864,0.6862745098039216
0.7408906882591093,0.05525087530132358,0.3611111111111111,S07,S17,saddle,0.9666254191396574,0.7974683544303798,0.7408906882591093
0.7408906882591093,0.04581655643414222,0.3425925925925926,S07,S18,saddle,0.7937532802318432,0.7974683544303798,0.7408906882591093
0.8297872340425532,0.052649853619852305,0.25,S07,S19,saddle,0.8303687230877685,0.868421052631579,0.8297872340425532
0.8614718614718615,0.03788374506577104,0.2222222222222222,S08,S09,saddle,0.5748501563091188,0.8933333333333333,0.8614718614718615
0.6602316602316602,0.0628428459312836,0.49074074074074076,S08,S10,saddle,0.9811839892547888,0.7317073170731707,0.6602316602316602
0.6602316602316602,0.05179437164169953,0.44907407407407407,S08,S11,saddle,0.8520406771235692,0.7317073170731707,0.6602316602316602
0.8614718614718615,0.02857298431574354,0.2222222222222222,S08,S12,saddle,0.57475698874716,0.8933333333333333,0.8614718614718615
0.6104868913857678,0.05780275104536943,0.5555555555555556,S08,S13,saddle,0.9680951446595248,0.6904761904761905,0.6104868913857678
0.9282511210762332,0.008755811927213248,0.08333333333333333,S08,S14,saddle,0.18978784030566667,0.9452054794520548,0.9282511210762332
0.7408906882591093,0.03997302818952024,0.39351851851851855,S08,S15,saddle,0.80123083052556,0.7974683544303798,0.7408906882591093
0.7408906882591093,0.02597705029342479,0.3194444444444444,S08,S16,saddle,0.5749082027635884,0.7974683544303798,0.7408906882591093
0.799163179916318,0.03058781544993736,0.3055555555555556,S08,S17,saddle,0.6767893276884127,0.8441558441558441,0.799163179916318
0.799163179916318,0.04104571697424873,0.32407407407407407,S08,S18,saddle,0.8019354134544835,0.8441558441558441,0.799163179916318
0.6602316602316602,0.04171388080861545,0.4861111111111111,S08,S19,saddle,0.8436216073396695,0.7317073170731707,0.6602316602316602
0.7695473251028807,0.039312556134867616,0.32407407407407407,S09,S10,saddle,0.7269754818973306,0.8205128205128205,0.7695473251028807
0.7695473251028807,0.027953082230389514,0.2824074074074074,S09,S11,saddle,0.5858588639977963,0.8205128205128205,0.7695473251028807
0.9282511210762332,0.03554243665765907,0.1111111111111111,S09,S12,saddle,0.6761305964199168,0.9452054794520548,0.9282511210762332
0.7131474103585658,0.032010509918864664,0.37037037037037035,S09,S13,saddle,0.6878915455655239,0.775,0.7131474103585658
0.799163179916318,0.04641321778368099,0.3055555555555556,S09,S14,saddle,0.7532005782837287,0.8441558441558441,0.799163179916318
0.799163179916318,0.046589877516555585,0.2824074074074074,S09,S15,saddle,0.8161537637622376,0.8441558441558441,0.799163179916318
0.799163179916318,0.026211706691263943,0.23148148148148148,S09,S16,saddle,0.5346152265688163,0.8441558441558441,0.799163179916318
0.799163179916318,0.051673724879090624,0.3055555555555556,S09,S17,saddle,0.8579732674065793,0.8441558441558441,0.799163179916318
0.8614718614718615,0.04006999364333516,0.2222222222222222,S09,S18,saddle,0.6514046720591504,0.8933333333333333,0.8614718614718615
0.7131474103585658,0.044821607342306224,0.41203703703703703,S09,S19,saddle,0.7329280863493002,0.775,0.7131474103585658
0.9282511210762332,0.01678126188265965,0.08333333333333333,S10,S11,saddle,0.39505601647866984,0.9452054794520548,0.9282511210762332
0.7695473251028807,0.04854029260001499,0.32407407407407407,S10,S12,saddle,0.8645332389835706,0.8205128205128205,0.7695473251028807
0.799163179916318,0.026899558802157247,0.22685185185185186,S10,S13,saddle,0.6444123487648257,0.8441558441558441,0.799163179916318
0.7131474103585658,0.058221209354470345,0.4074074074074074,S10,S14,saddle,0.9763637416983018,0.775,0.7131474103585658
0.7131474103585658,0.04451553527134695,0.38425925925925924,S10,S15,saddle,0.7937111469604746,0.775,0.7131474103585658
0.7695473251028807,0.05095524327466957,0.3611111111111111,S10,S16,saddle,0.8386322302903367,0.8205128205128205,0.7695473251028807
0.7131474103585658,0.04319607094451357,0.38425925925925924,S10,S17,saddle,0.7293114709011608,0.775,0.7131474103585658
0.8297872340425532,0.03147006551574252,0.2222222222222222,S10,S18,saddle,0.5563325429941112,0.868421052631579,0.8297872340425532
0.799163179916318,0.04242732968874343,0.2777777777777778,S10,S19,saddle,0.7363571314603371,0.8441558441558441,0.799163179916318
0.7695473251028807,0.03506510497480067,0.2824074074074074,S11,S12,saddle,0.6582535276282927,0.8205128205128205,0.7695473251028807
0.799163179916318,0.034627304572624175,0.25462962962962965,S11,S13,saddle,0.717317361725286,0.8441558441558441,0.799163179916318
0.7131474103585658,0.04348127414475901,0.36574074074074076,S11,S14,saddle,0.7379589652658946,0.775,0.7131474103585658
0.6602316602316602,0.052273809467090225,0.4537037037037037,S11,S15,saddle,0.9024093430752163,0.7317073170731707,0.6602316602316602
0.7695473251028807,0.0415443925265194,0.3333333333333333,S11,S16,saddle,0.7287882811831133,0.8205128205128205,0.7695473251028807
0.6602316602316602,0.05388135943668183,0.4537037037037037,S11,S17,saddle,0.9326153449607446,0.7317073170731707,0.6602316602316602
0.7695473251028807,0.04603879317028345,0.28703703703703703,S11,S18,saddle,0.8143645716635147,0.8205128205128205,0.7695473251028807
0.799163179916318,0.05016116349615486,0.3055555555555556,S11,S19,saddle,0.8179938335396927,0.8441558441558441,0.799163179916318
0.7131474103585658,0.04475499734357673,0.38425925925925924,S12,S13,saddle,0.8726834458312404,0.775,0.7131474103585658
0.8614718614718615,0.020550923781180033,0.19444444444444445,S12,S14,saddle,0.45557428151865426,0.8933333333333333,0.8614718614718615
0.8614718614718615,0.019793911389247014,0.18518518518518517,S12,S15,saddle,0.4837026695878674,0.8933333333333333,0.8614718614718615
0.799163179916318,0.020721238121020988,0.22685185185185186,S12,S16,saddle,0.5010125200376493,0.8441558441558441,0.799163179916318
0.8614718614718615,0.031562840269393704,0.19444444444444445,S12,S17,saddle,0.6914047578899261,0.8933333333333333,0.8614718614718615
0.9282511210762332,0.025116545120017014,0.1111111111111111,S12,S18,saddle,0.5821953862160703,0.9452054794520548,0.9282511210762332
0.7695473251028807,0.030722414065386214,0.3101851851851852,S12,S19,saddle,0.6759185803581808,0.8205128205128205,0.7695473251028807
0.6104868913857678,0.056603688968077256,0.5277777777777778,S13,S14,saddle,0.9879455153427129,0.6904761904761905,0.6104868913857678
0.8297872340425532,0.025918764318711558,0.19907407407407407,S13,S15,saddle,0.539477800404326,0.868421052631579,0.8297872340425532
0.6602316602316602,0.04527809975319175,0.41203703703703703,S13,S16,saddle,0.8779836536850003,0.7317073170731707,0.6602316602316602
0.7695473251028807,0.042782298268125324,0.3055555555555556,S13,S17,saddle,0.7903047929177196,0.8205128205128205,0.7695473251028807
0.7695473251028807,0.03616865408733098,0.2777777777777778,S13,S18,saddle,0.7818153193647228,0.8205128205128205,0.7695473251028807
0.9282511210762332,0.025585662605770054,0.08333333333333333,S13,S19,saddle,0.5599552825161757,0.9452054794520548,0.9282511210762332
0.7408906882591093,0.038760328950542454,0.36574074074074076,S14,S15,saddle,0.8148155979127869,0.7974683544303798,0.7408906882591093
0.7408906882591093,0.03193254032084428,0.36574074074074076,S14,S16,saddle,0.6802647288977429,0.7974683544303798,0.7408906882591093
0.799163179916318,0.027801447388589067,0.25925925925925924,S14,S17,saddle,0.6884194984336017,0.8441558441558441,0.799163179916318
0.799163179916318,0.03643402872500579,0.2962962962962963,S14,S18,saddle,0.7838389463888177,0.8441558441558441,0.799163179916318
0.6602316602316602,0.04051120699036631,0.4675925925925926,S14,S19,saddle,0.8571840748949212,0.7317073170731707,0.6602316602316602
0.6862745098039216,0.03055370698312061,0.35648148148148145,S15,S16,saddle,0.6859923629029048,0.7530864197530864,0.6862745098039216
0.9282511210762332,0.025366332292619653,0.1111111111111111,S15,S17,saddle,0.5428316035373932,0.9452054794520548,0.9282511210762332
0.8614718614718615,0.021007288613171554,0.18518518518518517,S15,S18,saddle,0.5096552867473324,0.8933333333333333,0.8614718614718615
0.8297872340425532,0.012757614943049469,0.1712962962962963,S15,S19,saddle,0.3521481347813264,0.868421052631579,0.8297872340425532
0.6862745098039216,0.039953088594307656,0.36574074074074076,S16,S17,saddle,0.8069432784194579,0.7530864197530864,0.6862745098039216
0.799163179916318,0.0226373222914847,0.2222222222222222,S16,S18,saddle,0.5358139019024734,0.8441558441558441,0.799163179916318
0.7131474103585658,0.02648331080421343,0.35648148148148145,S16,S19,saddle,0.6070983792129274,0.775,0.7131474103585658
0.8614718614718615,0.02545754634020898,0.19444444444444445,S17,S18,saddle,0.49807607447464636,0.8933333333333333,0.8614718614718615
0.7695473251028807,0.030352714435772275,0.2777777777777778,S17,S19,saddle,0.6478081914163175,0.8205128205128205,0.7695473251028807
0.8297872340425532,0.016973099247491068,0.2037037037037037,S18,S19,saddle,0.4468813613074401,0.868421052631579,0.8297872340425532
0.7994428969359332,0.02730917625474815,0.21604938271604937,S00,S01,hemisphere,0.7855397529870196,0.8448275862068966,0.7994428969359332
0.8833819241982507,0.013409472786079426,0.12037037037037036,S00,S02,hemisphere,0.3977215071958398,0.9107142857142857,0.8833819241982507
0.8833819241982507,0.01949239700104343,0.14814814814814814,S00,S03,hemisphere,0.5602160165431336,0.9107142857142857,0.8833819241982507
0.9283582089552239,0.00704934778736396,0.06172839506172839,S00,S04,hemisphere,0.33025102813117,0.9454545454545454,0.9283582089552239
0.9283582089552239,0.010822431445174746,0.09259259259259259,S00,S05,hemisphere,0.30440251558394726,0.9454545454545454,0.9283582089552239
0.9516616314199395,0.006022889872646504,0.05555555555555555,S00,S06,hemisphere,0.24065865344931303,0.963302752293578,0.9516616314199395
0.861671469740634,0.01431333377170199,0.12345679012345678,S00,S07,hemisphere,0.472606441044928,0.8938053097345132,0.861671469740634
0.819718309859155,0.02661428157443671,0.21296296296296297,S00,S08,hemisphere,0.7234257397554877,0.8608695652173913,0.819718309859155
0.9056047197640118,0.010934004760688763,0.09567901234567901,S00,S09,hemisphere,0.3630333000354081,0.9279279279279279,0.9056047197640118
0.861671469740634,0.024352225443861827,0.18518518518518517,S00,S10,hemisphere,0.633395891417637,0.8938053097345132,0.861671469740634
0.9056047197640118,0.01575546791643707,0.1111111111111111,S00,S11,hemisphere,0.46792033368094893,0.9279279279279279,0.9056047197640118
0.8404558404558404,0.024241768503357696,0.1882716049382716,S00,S12,hemisphere,0.6712093292661766,0.8771929824561403,0.8404558404558404
0.861671469740634,0.02029873290225866,0.15432098765432098,S00,S13,hemisphere,0.6395636652451494,0.8938053097345132,0.861671469740634
0.9755351681957186,0.002172236868935034,0.018518518518518517,S00,S14,hemisphere,0.13046157362233327,0.9814814814814815,0.9755351681957186
0.9283582089552239,0.013939785790322085,0.09259259259259259,S00,S15,hemisphere,0.3689348976154604,0.9454545454545454,0.9283582089552239
0.4582392776523702,0.11722641057957915,0.8734567901234568,S00,S16,hemisphere,1.5262788725855239,0.47586206896551725,0.4582392776523702
0.5417661097852029,0.10451598644612359,0.7407407407407407,S00,S17,hemisphere,1.5649248657791073,0.6090225563909775,0.5417661097852029
0.4715261958997722,0.07680077253445369,0.7129629629629629,S00,S18,hemisphere,1.562605823256532,0.4965034965034965,0.4715261958997722
0.43237250554323725,0.08262056583017857,0.845679012345679,S00,S19,hemisphere,1.528538359509977,0.4861111111111111,0.43237250554323725
0.9056047197640118,0.015482138878975404,0.1111111111111111,S01,S02,hemisphere,0.47623654757263867,0.9279279279279279,0.9056047197640118
0.9056047197640118,0.011076397694769341,0.09567901234567901,S01,S03,hemisphere,0.3839677340162764,0.9279279279279279,0.9056047197640118
0.861671469740634,0.02402677235913269,0.18518518518518517,S01,S04,hemisphere,0.6368803369747665,0.8938053097345132,0.861671469740634
0.861671469740634,0.01997904219748199,0.15432098765432098,S01,S05,hemisphere,0.6235476190873467,0.8938053097345132,0.861671469740634
0.8404558404558404,0.024379655593851475,0.1882716049382716,S01,S06,hemisphere,0.6780018372736689,0.8771929824561403,0.8404558404558404
0.9283582089552239,0.013926592091578961,0.09259259259259259,S01,S07,hemisphere,0.3824938248004705,0.9454545454545454,0.9283582089552239
0.9755351681957186,0.001955221739759713,0.018518518518518517,S01,S08,hemisphere,0.13140117301537713,0.9814814814814815,0.9755351681957186
0.8833819241982507,0.019339357754300634,0.14814814814814814,S01,S09,hemisphere,0.5549261057523234,0.9107142857142857,0.8833819241982507
0.9283582089552239,0.0067549472785921145,0.06172839506172839,S01,S10,hemisphere,0.32780411119120806,0.9454545454545454,0.9283582089552239
0.8833819241982507,0.013490814640554953,0.12037037037037036,S01,S11,hemisphere,0.41620322158400563,0.9107142857142857,0.8833819241982507
0.9516616314199395,0.005900131053557304,0.05555555555555555,S01,S12,hemisphere,0.23787575372969894,0.963302752293578,0.9516616314199395
0.9283582089552239,0.010506298553564533,0.09259259259259259,S01,S13,hemisphere,0.31069827740205713,0.9454545454545454,0.9283582089552239
0.819718309859155,0.02669617156276198,0.21296296296296297,S01,S14,hemisphere,0.7172425370217961,0.8608695652173913,0.819718309859155
0.861671469740634,0.01432150802134785,0.12345679012345678,S01,S15,hemisphere,0.4971164838144508,0.8938053097345132,0.861671469740634
0.4715261958997722,0.1175487743124886,0.8271604938271605,S01,S16,hemisphere,1.4893170552606887,0.5285714285714286,0.4715261958997722
0.4582392776523702,0.10490549055930035,0.7870370370370371,S01,S17,hemisphere,1.545414345539418,0.5285714285714286,0.4582392776523702
0.4582392776523702,0.0836751270944166,0.7685185185185185,S01,S18,hemisphere,1.546862265580125,0.4861111111111111,0.4582392776523702
0.4197802197802198,0.0831225829480274,0.8209876543209876,S01,S19,hemisphere,1.5270947140708317,0.47586206896551725,0.4197802197802198
0.861671469740634,0.023479890747267182,0.17901234567901234,S02,S03,hemisphere,0.6117216416569491,0.8938053097345132,0.861671469740634
0.9516616314199395,0.009536995908056928,0.07407407407407407,S02,S04,hemisphere,0.20568524884751052,0.963302752293578,0.9516616314199395
0.9516616314199395,0.005847698011351052,0.05555555555555555,S02,S05,hemisphere,0.21373164662875194,0.963302752293578,0.9516616314199395
0.9283582089552239,0.010132980807442097,0.08641975308641975,S02,S06,hemisphere,0.27358131059122126,0.9454545454545454,0.9283582089552239
0.9755351681957186,0.0019532603313167965,0.018518518518518517,S02,S07,hemisphere,0.11852397701432432,0.9814814814814815,0.9755351681957186
0.9283582089552239,0.013929965409746536,0.09259259259259259,S02,S08,hemisphere,0.37807228514361574,0.9454545454545454,0.9283582089552239
0.9755351681957186,0.004967097009353713,0.037037037037037035,S02,S09,hemisphere,0.12299092461294693,0.9814814814814815,0.9755351681957186
0.8833819241982507,0.01915708765629422,0.14814814814814814,S02,S10,hemisphere,0.5434317056396446,0.9107142857142857,0.8833819241982507
0.8404558404558404,0.02584278229310373,0.2037037037037037,S02,S11,hemisphere,0.6358041981782954,0.8771929824561403,0.8404558404558404
0.9056047197640118,0.018455531210375582,0.12962962962962962,S02,S12,hemisphere,0.46724812395432086,0.9279279279279279,0.9056047197640118
0.8833819241982507,0.02328570696373405,0.16666666666666666,S02,S13,hemisphere,0.5685877689032021,0.9107142857142857,0.8833819241982507
0.9056047197640118,0.012559744746897339,0.1111111111111111,S02,S14,hemisphere,0.31403319391337,0.9279279279279279,0.9056047197640118
0.819718309859155,0.026566331262314703,0.21296296296296297,S02,S15,hemisphere,0.7092700279085407,0.8608695652173913,0.819718309859155
0.4582392776523702,0.11658802063577314,0.8734567901234568,S02,S16,hemisphere,1.4812197083257452,0.4861111111111111,0.4582392776523702
0.4988399071925754,0.10480177294475672,0.7438271604938271,S02,S17,hemisphere,1.5521787992939853,0.5735294117647058,0.4988399071925754
0.4582392776523702,0.07926133605427024,0.7314814814814815,S02,S18,hemisphere,1.5757290289027344,0.4861111111111111,0.4582392776523702
0.4582392776523702,0.08123295645577863,0.7993827160493827,S02,S19,hemisphere,1.5470585921913853,0.5177304964539007,0.4582392776523702
0.9056047197640118,0.015430682405184571,0.1111111111111111,S03,S04,hemisphere,0.470468026022631,0.9279279279279279,0.9056047197640118
0.9056047197640118,0.021794454740353374,0.12962962962962962,S03,S05,hemisphere,0.5671365651337349,0.9279279279279279,0.9056047197640118
0.9283582089552239,0.013934053568405231,0.09259259259259259,S03,S06,hemisphere,0.36964190763557575,0.9454545454545454,0.9283582089552239
0.8404558404558404,0.02428806968382935,0.1882716049382716,S03,S07,hemisphere,0.6744918630852108,0.8771929824561403,0.8404558404558404
0.9283582089552239,0.010133762754460747,0.08641975308641975,S03,S08,hemisphere,0.3038089769133411,0.9454545454545454,0.9283582089552239
0.8833819241982507,0.0210711436768102,0.14814814814814814,S03,S09,hemisphere,0.5684019674500759,0.9107142857142857,0.8833819241982507
0.9755351681957186,0.008017810754615402,0.037037037037037035,S03,S10,hemisphere,0.21245628866553756,0.9814814814814815,0.9755351681957186
0.9755351681957186,0.005029116919311522,0.037037037037037035,S03,S11,hemisphere,0.12989175407555498,0.9814814814814815,0.9755351681957186
0.9516616314199395,0.007657535827647419,0.05555555555555555,S03,S12,hemisphere,0.23193989601580195,0.963302752293578,0.9516616314199395
0.9755351681957186,0.002083673589440958,0.018518518518518517,S03,S13,hemisphere,0.1431431605451508,0.9814814814814815,0.9755351681957186
0.9056047197640118,0.01876010452949954,0.12962962962962962,S03,S14,hemisphere,0.4763853712608715,0.9279279279279279,0.9056047197640118
0.9516616314199395,0.006024181987771151,0.05555555555555555,S03,S15,hemisphere,0.22880575114464977,0.963302752293578,0.9516616314199395
0.4850574712643678,0.11767240866912909,0.8148148148148148,S03,S16,hemisphere,1.5131043814796938,0.5285714285714286,0.4850574712643678
0.4850574712643678,0.10433608679248427,0.7777777777777778,S03,S17,hemisphere,1.5700383453211704,0.5507246376811594,0.4850574712643678
0.4850574712643678,0.08159138667334837,0.7160493827160493,S03,S18,hemisphere,1.5285892789032538,0.5070422535211268,0.4850574712643678
0.4074074074074074,0.08233382511667448,0.8333333333333334,S03,S19,hemisphere,1.4982811321995126,0.47586206896551725,0.4074074074074074
0.9516616314199395,0.008709480566330882,0.05555555555555555,S04,S05,hemisphere,0.2752200487482806,0.963302752293578,0.9516616314199395
0.9755351681957186,0.002078713306023757,0.018518518518518517,S04,S06,hemisphere,0.1310547614303914,0.9814814814814815,0.9755351681957186
0.9283582089552239,0.010508165824328494,0.09259259259259259,S04,S07,hemisphere,0.2799632055809711,0.9454545454545454,0.9283582089552239
0.8833819241982507,0.02338199423282898,0.16666666666666666,S04,S08,hemisphere,0.5791685950753652,0.9107142857142857,0.8833819241982507
0.9755351681957186,0.007625777085172413,0.037037037037037035,S04,S09,hemisphere,0.19257482467230455,0.9814814814814815,0.9755351681957186
0.8833819241982507,0.02201945446951499,0.14814814814814814,S04,S10,hemisphere,0.6059264945882553,0.9107142857142857,0.8833819241982507
0.8833819241982507,0.019383939425000017,0.14814814814814814,S04,S11,hemisphere,0.5553540308093355,0.9107142857142857,0.8833819241982507
0.9056047197640118,0.021165779878507443,0.12962962962962962,S04,S12,hemisphere,0.5400073782834496,0.9279279279279279,0.9056047197640118
0.9283582089552239,0.013930110656211112,0.09259259259259259,S04,S13,hemisphere,0.3716936400068876,0.9454545454545454,0.9283582089552239
0.9516616314199395,0.006097442759424782,0.05555555555555555,S04,S14,hemisphere,0.2327613364652752,0.963302752293578,0.9516616314199395
0.861671469740634,0.020212479281871427,0.15432098765432098,S04,S15,hemisphere,0.6423972549033561,0.8938053097345132,0.861671469740634
0.4582392776523702,0.11722081496307607,0.8703703703703703,S04,S16,hemisphere,1.4908061638058319,0.4861111111111111,0.4582392776523702
0.4988399071925754,0.10460552925137062,0.7407407407407407,S04,S17,hemisphere,1.5665378926545397,0.5735294117647058,0.4988399071925754
0.4850574712643678,0.07760583127586723,0.6975308641975309,S04,S18,hemisphere,1.5512476314058605,0.5070422535211268,0.4850574712643678
0.4451901565995526,0.0805617702520483,0.8117283950617284,S04,S19,hemisphere,1.5113196222662948,0.5177304964539007,0.4451901565995526
0.9755351681957186,0.008019307578573933,0.037037037037037035,S05,S06,hemisphere,0.21842533837820727,0.9814814814814815,0.9755351681957186
0.9283582089552239,0.006753582694080546,0.06172839506172839,S05,S07,hemisphere,0.29561619863000843,0.9454545454545454,0.9283582089552239
0.8833819241982507,0.019285837300051102,0.14814814814814814,S05,S08,hemisphere,0.553124040916306,0.9107142857142857,0.8833819241982507
0.9755351681957186,0.002028124319647693,0.018518518518518517,S05,S09,hemisphere,0.12705231974056175,0.9814814814814815,0.9755351681957186
0.9283582089552239,0.013937323384862081,0.09259259259259259,S05,S10,hemisphere,0.3639690617922482,0.9454545454545454,0.9283582089552239
0.8833819241982507,0.02369295135765724,0.16666666666666666,S05,S11,hemisphere,0.5679579145991208,0.9107142857142857,0.8833819241982507
0.9056047197640118,0.015583262377454632,0.1111111111111111,S05,S12,hemisphere,0.4487480596888381,0.9279279279279279,0.9056047197640118
0.8833819241982507,0.022191228004622823,0.14814814814814814,S05,S13,hemisphere,0.5980579971105968,0.9107142857142857,0.8833819241982507
0.9516616314199395,0.009936425230434746,0.07407407407407407,S05,S14,hemisphere,0.21888948444646136,0.963302752293578,0.9516616314199395
0.861671469740634,0.02418195647134983,0.18518518518518517,S05,S15,hemisphere,0.6313695795920627,0.8938053097345132,0.861671469740634
0.4582392776523702,0.11644603766090118,0.8672839506172839,S05,S16,hemisphere,1.5197055398351222,0.4861111111111111,0.4582392776523702
0.5271867612293144,0.10571137049941182,0.7191358024691358,S05,S17,hemisphere,1.572349345730828,0.5970149253731343,0.5271867612293144
0.4850574712643678,0.07990783954365199,0.7037037037037037,S05,S18,hemisphere,1.5836559331865143,0.5070422535211268,0.4850574712643678
0.4451901565995526,0.08192582194156117,0.8179012345679012,S05,S19,hemisphere,1.565927211671926,0.5177304964539007,0.4451901565995526
0.9056047197640118,0.011077920428781302,0.09567901234567901,S06,S07,hemisphere,0.34522844183307166,0.9279279279279279,0.9056047197640118
0.861671469740634,0.0236498373425182,0.17901234567901234,S06,S08,hemisphere,0.6175786786011248,0.8938053097345132,0.861671469740634
0.9516616314199395,0.007655833262159391,0.05555555555555555,S06,S09,hemisphere,0.2259408398328117,0.963302752293578,0.9516616314199395
0.9056047197640118,0.02156511076883584,0.12962962962962962,S06,S10,hemisphere,0.5637287160064388,0.9279279279279279,0.9056047197640118
0.9056047197640118,0.018495406808554327,0.12962962962962962,S06,S11,hemisphere,0.47669289859393554,0.9279279279279279,0.9056047197640118
0.8833819241982507,0.021276314205266766,0.14814814814814814,S06,S12,hemisphere,0.5515318934544731,0.9107142857142857,0.8833819241982507
0.9056047197640118,0.01564119550333713,0.1111111111111111,S06,S13,hemisphere,0.4583569457725667,0.9279279279279279,0.9056047197640118
0.9755351681957186,0.005029849058178462,0.037037037037037035,S06,S14,hemisphere,0.142001623617295,0.9814814814814815,0.9755351681957186
0.8833819241982507,0.01932110041373857,0.14814814814814814,S06,S15,hemisphere,0.563231446080004,0.9107142857142857,0.8833819241982507
0.4715261958997722,0.11698813021172064,0.8580246913580247,S06,S16,hemisphere,1.5006820767197135,0.4965034965034965,0.4715261958997722
0.5128805620608899,0.10432236342719564,0.7407407407407407,S06,S17,hemisphere,1.5717811549907472,0.5851851851851851,0.5128805620608899
0.4988399071925754,0.07715604761601398,0.6790123456790124,S06,S18,hemisphere,1.552712344497151,0.5177304964539007,0.4988399071925754
0.43237250554323725,0.08048437128512215,0.8302469135802469,S06,S19,hemisphere,1.5208193235438425,0.5070422535211268,0.43237250554323725
0.9056047197640118,0.015334145647816207,0.1111111111111111,S07,S08,hemisphere,0.4329626471708463,0.9279279279279279,0.9056047197640118
0.9516616314199395,0.005901060696856759,0.05555555555555555,S07,S09,hemisphere,0.20337182348529492,0.963302752293578,0.9516616314199395
0.861671469740634,0.01992797686662952,0.15432098765432098,S07,S10,hemisphere,0.6161944337226163,0.8938053097345132,0.861671469740634
0.819718309859155,0.0266381698895745,0.21296296296296297,S07,S11,hemisphere,0.7025288527771204,0.8608695652173913,0.819718309859155
0.8833819241982507,0.019211742260728585,0.14814814814814814,S07,S12,hemisphere,0.5368687285582382,0.9107142857142857,0.8833819241982507
0.861671469740634,0.023851733143541616,0.18518518518518517,S07,S13,hemisphere,0.6105718192669133,0.8938053097345132,0.861671469740634
0.8833819241982507,0.013489563842229227,0.12037037037037036,S07,S14,hemisphere,0.38985003505053645,0.9107142857142857,0.8833819241982507
0.7994428969359332,0.02733857277002695,0.21604938271604937,S07,S15,hemisphere,0.7747927606737006,0.8448275862068966,0.7994428969359332
0.4582392776523702,0.11682308866931984,0.8703703703703703,S07,S16,hemisphere,1.4864725781929555,0.4965034965034965,0.4582392776523702
0.4850574712643678,0.10488193458654742,0.75,S07,S17,hemisphere,1.5387701620506313,0.5620437956204379,0.4850574712643678
0.4715261958997722,0.07927155008644574,0.7314814814814815,S07,S18,hemisphere,1.5629561341825868,0.4965034965034965,0.4715261958997722
0.4451901565995526,0.08132196020209256,0.8179012345679012,S07,S19,hemisphere,1.5526935541602966,0.5070422535211268,0.4451901565995526
0.9056047197640118,0.018668740459091823,0.12962962962962962,S08,S09,hemisphere,0.4884248845240271,0.9279279279279279,0.9056047197640118
0.9516616314199395,0.00585148854937922,0.05555555555555555,S08,S10,hemisphere,0.2375149090035168,0.963302752293578,0.9516616314199395
0.9056047197640118,0.012563689310697984,0.1111111111111111,S08,S11,hemisphere,0.33219220295189805,0.9279279279279279,0.9056047197640118
0.9755351681957186,0.004965609454926589,0.037037037037037035,S08,S12,hemisphere,0.147818731993202,0.9814814814814815,0.9755351681957186
0.9516616314199395,0.009533352032119632,0.07407407407407407,S08,S13,hemisphere,0.2241175510735536,0.963302752293578,0.9516616314199395
0.8404558404558404,0.025978963682961688,0.2037037037037037,S08,S14,hemisphere,0.6531988381422459,0.8771929824561403,0.8404558404558404
0.8833819241982507,0.013412301471855655,0.12037037037037036,S08,S15,hemisphere,0.41457075120330755,0.9107142857142857,0.8833819241982507
0.4715261958997722,0.11729112600018024,0.8302469135802469,S08,S16,hemisphere,1.4867480971292435,0.5177304964539007,0.4715261958997722
0.4715261958997722,0.10482523463523231,0.7808641975308642,S08,S17,hemisphere,1.5600544570225972,0.539568345323741,0.4715261958997722
0.4451901565995526,0.0836823701957089,0.7685185185185185,S08,S18,hemisphere,1.5540524596886283,0.47586206896551725,0.4451901565995526
0.43237250554323725,0.08304745390497639,0.8024691358024691,S08,S19,hemisphere,1.5197819732460103,0.4861111111111111,0.43237250554323725
0.9056047197640118,0.015386958544817522,0.1111111111111111,S09,S10,hemisphere,0.4604415746204946,0.9279279279279279,0.9056047197640118
0.861671469740634,0.023435696699509977,0.17901234567901234,S09,S11,hemisphere,0.5999048339796587,0.8938053097345132,0.861671469740634
0.9283582089552239,0.0139306681936575,0.09259259259259259,S09,S12,hemisphere,0.3653368866788303,0.9454545454545454,0.9283582089552239
0.9056047197640118,0.021394966985222755,0.12962962962962962,S09,S13,hemisphere,0.5552473761829878,0.9279279279279279,0.9056047197640118
0.9283582089552239,0.0100871309489955,0.08641975308641975,S09,S14,hemisphere,0.27398921623496797,0.9454545454545454,0.9283582089552239
0.8404558404558404,0.024156707436129403,0.1882716049382716,S09,S15,hemisphere,0.6786055366384138,0.8771929824561403,0.8404558404558404
0.4451901565995526,0.11657332601748735,0.8734567901234568,S09,S16,hemisphere,1.4973650241118728,0.47586206896551725,0.4451901565995526
0.5128805620608899,0.10574949308102849,0.7191358024691358,S09,S17,hemisphere,1.5643200324464408,0.5851851851851851,0.5128805620608899
0.4715261958997722,0.07993221795432645,0.7222222222222222,S09,S18,hemisphere,1.5601220510647535,0.4965034965034965,0.4715261958997722
0.4582392776523702,0.08144865294670622,0.7993827160493827,S09,S19,hemisphere,1.5397842149552718,0.5285714285714286,0.4582392776523702
0.9516616314199395,0.009936800308456102,0.07407407407407407,S10,S11,hemisphere,0.2131875078153096,0.963302752293578,0.9516616314199395
0.9755351681957186,0.002028813406451465,0.018518518518518517,S10,S12,hemisphere,0.12683865054232143,0.9814814814814815,0.9755351681957186
0.9516616314199395,0.008710781910827576,0.05555555555555555,S10,S13,hemisphere,0.28072260874136234,0.963302752293578,0.9516616314199395
0.8833819241982507,0.02379247046603109,0.16666666666666666,S10,S14,hemisphere,0.566682935624665,0.9107142857142857,0.8833819241982507
0.9283582089552239,0.010822037743020119,0.09259259259259259,S10,S15,hemisphere,0.29888336151166706,0.9454545454545454,0.9283582089552239
0.4715261958997722,0.11712626872554202,0.8240740740740741,S10,S16,hemisphere,1.5270487396593009,0.5177304964539007,0.4715261958997722
0.4988399071925754,0.10572329146164212,0.7561728395061729,S10,S17,hemisphere,1.5758548948467948,0.5620437956204379,0.4988399071925754
0.4715261958997722,0.08435253776308979,0.7407407407407407,S10,S18,hemisphere,1.5558565325415892,0.4965034965034965,0.4715261958997722
0.4197802197802198,0.08377976269887022,0.8209876543209876,S10,S19,hemisphere,1.5475786208016702,0.4861111111111111,0.4197802197802198
0.9283582089552239,0.010088551246353224,0.08641975308641975,S11,S12,hemisphere,0.26803298003474163,0.9454545454545454,0.9283582089552239
0.9516616314199395,0.006104336531171817,0.05555555555555555,S11,S13,hemisphere,0.23200695212716438,0.963302752293578,0.9516616314199395
0.9283582089552239,0.013938302264096659,0.09259259259259259,S11,S14,hemisphere,0.3576050106022943,0.9454545454545454,0.9283582089552239
0.9755351681957186,0.002173793517813991,0.018518518518518517,S11,S15,hemisphere,0.1307565593485107,0.9814814814814815,0.9755351681957186
0.4850574712643678,0.11789647670073536,0.8117283950617284,S11,S16,hemisphere,1.5264957502234655,0.5177304964539007,0.4850574712643678
0.4988399071925754,0.10474552198186089,0.7777777777777778,S11,S17,hemisphere,1.5943591826738601,0.5620437956204379,0.4988399071925754
0.4715261958997722,0.08092560113628673,0.7376543209876543,S11,S18,hemisphere,1.5451356551446689,0.4965034965034965,0.4715261958997722
0.4074074074074074,0.0846266743682794,0.8487654320987654,S11,S19,hemisphere,1.5236480944514808,0.4657534246575342,0.4074074074074074
0.9755351681957186,0.007622878473140677,0.037037037037037035,S12,S13,hemisphere,0.19929874369531006,0.9814814814814815,0.9755351681957186
0.861671469740634,0.023609391345793,0.17901234567901234,S12,S14,hemisphere,0.594871306383922,0.8938053097345132,0.861671469740634
0.9056047197640118,0.010938292733557313,0.09567901234567901,S12,S15,hemisphere,0.35630321106087454,0.9279279279279279,0.9056047197640118
0.4582392776523702,0.11727226993939,0.8302469135802469,S12,S16,hemisphere,1.503823545455182,0.5070422535211268,0.4582392776523702
0.4850574712643678,0.10576975075527267,0.7561728395061729,S12,S17,hemisphere,1.5751567180287438,0.5507246376811594,0.4850574712643678
0.4582392776523702,0.08435721379805818,0.7592592592592593,S12,S18,hemisphere,1.5326723696403686,0.4861111111111111,0.4582392776523702
0.43237250554323725,0.08327741012428615,0.8024691358024691,S12,S19,hemisphere,1.5232501622496544,0.4965034965034965,0.43237250554323725
0.8833819241982507,0.01956242587074672,0.14814814814814814,S13,S14,hemisphere,0.5549363281854813,0.9107142857142857,0.8833819241982507
0.9283582089552239,0.0070568115854075,0.06172839506172839,S13,S15,hemisphere,0.32842128364532264,0.9454545454545454,0.9283582089552239
0.4715261958997722,0.11792258138337654,0.8271604938271605,S13,S16,hemisphere,1.500037911658014,0.5177304964539007,0.4715261958997722
0.4715261958997722,0.10462569893391169,0.7777777777777778,S13,S17,hemisphere,1.5782216418729011,0.539568345323741,0.4715261958997722
0.4715261958997722,0.08202519899777548,0.7345679012345679,S13,S18,hemisphere,1.5229922052230669,0.4965034965034965,0.4715261958997722
0.4197802197802198,0.08238488279088466,0.8148148148148148,S13,S19,hemisphere,1.4897128020299903,0.4861111111111111,0.4197802197802198
0.9056047197640118,0.015525943716468822,0.1111111111111111,S14,S15,hemisphere,0.45766113232731476,0.9279279279279279,0.9056047197640118
0.4715261958997722,0.11721858892363826,0.8549382716049383,S14,S16,hemisphere,1.523010252422288,0.4861111111111111,0.4715261958997722
0.5271867612293144,0.1047344573273045,0.7407407407407407,S14,S17,hemisphere,1.588239729551953,0.5970149253731343,0.5271867612293144
0.4850574712643678,0.07647758851962752,0.7006172839506173,S14,S18,hemisphere,1.5688313787475814,0.5070422535211268,0.4850574712643678
0.43237250554323725,0.08276220017523969,0.845679012345679,S14,S19,hemisphere,1.5383266506419142,0.4965034965034965,0.43237250554323725
0.4715261958997722,0.11788828467841134,0.8302469135802469,S15,S16,hemisphere,1.5314286787415468,0.5070422535211268,0.4715261958997722
0.5128805620608899,0.10452300143738634,0.7777777777777778,S15,S17,hemisphere,1.5686797195496864,0.5735294117647058,0.5128805620608899
0.4582392776523702,0.08127306239435998,0.75,S15,S18,hemisphere,1.5385467263283317,0.4861111111111111,0.4582392776523702
0.4074074074074074,0.08450890824999047,0.8487654320987654,S15,S19,hemisphere,1.519682220736009,0.4557823129251701,0.4074074074074074
0.4715261958997722,0.140135006116684,0.9598765432098766,S16,S17,hemisphere,1.598704066396782,0.38064516129032255,0.4715261958997722
0.43237250554323725,0.12392891900733537,0.8364197530864198,S16,S18,hemisphere,1.4795063519999236,0.4266666666666667,0.43237250554323725
0.38329764453961457,0.12514622845285597,0.8950617283950617,S16,S19,hemisphere,1.4686213557311487,0.281437125748503,0.38329764453961457
0.4451901565995526,0.0897885810165991,0.7561728395061729,S17,S18,hemisphere,1.4791618014708485,0.436241610738255,0.4451901565995526
0.4850574712643678,0.10229363925008722,0.8703703703703703,S17,S19,hemisphere,1.5694597355142494,0.4557823129251701,0.4850574712643678
0.4197802197802198,0.10066618712693538,0.8395061728395061,S18,S19,hemisphere,1.4854718737860146,0.34591194968553457,0.4197802197802198
