L_q,admitted,candidate_id,continuation_runtime,failure_reason,fraction_R_G_ge_1p1,fraction_R_G_ge_1p2,fraction_R_G_ge_1p5,fraction_R_G_ge_2p0,full_lift_found,job_id,max_log_kappa_R,median_log_kappa_R,metric_samples,min_joint_limit_margin_normalized,min_sigma_min_5,minimum_absolute_joint_margin_rad,p75_log_kappa_R,p90_log_kappa_R,rotation_delta_degrees,strict_kinematics_pass,surface_id,total_runtime,transform_base_from_surface,translation_delta_m,witness_file
111.41778650317158,True,T00,0.0,,0.9541666666666667,0.9166666666666666,0.6708333333333333,0.30833333333333335,True,hemisphere/T00,4.254489993184134,0.9883168476714348,240,0.07457532636030426,0.1717824491669536,0.46855677552179165,1.5497498941563412,2.3637014867513613,"[0, 0, 0]",True,hemisphere,8.721065868623555,"[[0.8374736306843573, -0.5371133787251292, -0.10073299510506323, -0.17477171906652483], [0.5442301923376013, 0.8030367601372951, 0.24278686046895967, 0.4369560874828282], [-0.04951177290845345, -0.25814953082016734, 0.9648354284958597, 0.28135348780203084], [0.0, 0.0, 0.0, 1.0]]","[0, 0, 0]",results/riemannian_anisotropy_utility_v1/r0_scene_calibration/witnesses/hemisphere_T00.npz
113.70849548643247,True,T01,15.055788458324969,,0.9708333333333333,0.9208333333333333,0.7458333333333333,0.3375,True,hemisphere/T01,4.559733024903523,1.0838533848107375,240,0.08792451559177616,0.17283733080650296,0.5524297314631297,1.6155432702838215,2.4355672173774843,"[2.1579630284133664, -1.416470212201471, -8.973103486239005]",True,hemisphere,23.717230948619545,"[[0.9127938711732214, -0.3981398626723134, -0.09106041126568754, -0.17132963159951686], [0.40833675528514646, 0.8851183515413531, 0.2232187224403822, 0.46573455542374087], [-0.008273030388139996, -0.24093599464585913, 0.970505746223178, 0.30252693611396775], [0.0, 0.0, 0.0, 1.0]]","[0.0034420874670079565, 0.028778467940912655, 0.02117344831193689]",results/riemannian_anisotropy_utility_v1/r0_scene_calibration/witnesses/hemisphere_T01.npz
,False,T02,3.4539941111579537,continuous_lift_not_found_under_budget,,,,,False,hemisphere/T02,,,,,,,,,"[6.207813750693973, -5.888990744365355, -6.26077230315536]",,hemisphere,3.6129380324855447,"[[0.8866896124472953, -0.4236696099567496, -0.18516369184362508, -0.12046774548793746], [0.4523942047466329, 0.8776802984700501, 0.1581669282409745, 0.43445367837346066], [0.09550400352721836, -0.2240119534235162, 0.9698956799747349, 0.22915194239181608], [0.0, 0.0, 0.0, 1.0]]","[0.05430397357858738, -0.002502409109367547, -0.05220154541021476]",
116.69426429063411,True,T03,9.403145173564553,,0.95,0.9,0.7,0.2875,True,hemisphere/T03,4.555018859573076,1.0080585449017674,240,0.0821119218892838,0.14797243938746432,0.5159092052303702,1.5039977301786802,2.229424003900363,"[7.782268448237961, 4.864122536438916, 8.26930631979937]",True,hemisphere,17.393083781935275,"[[0.7493312374456175, -0.6614139653932815, -0.03215995912551714, -0.15918399537432482], [0.6605633264546814, 0.7431948140672519, 0.1063840217639337, 0.44884092713041934], [-0.04646276284666937, -0.10096056025140811, 0.9938048988319468, 0.3216320158492596], [0.0, 0.0, 0.0, 1.0]]","[0.015587723692200017, 0.011884839647591128, 0.04027852804722876]",results/riemannian_anisotropy_utility_v1/r0_scene_calibration/witnesses/hemisphere_T03.npz
,False,T04,4.614454405382276,continuous_lift_not_found_under_budget,,,,,False,hemisphere/T04,,,,,,,,,"[9.721113887921902, -1.0189596188717491, -5.201137456498959]",,hemisphere,4.856643316335976,"[[0.8825155548161371, -0.45700911446513237, -0.11094577415729452, -0.11614811201509043], [0.4666954154905801, 0.8801483015032341, 0.08680067120159438, 0.3987103497908591], [0.057980036802684425, -0.12838082667115078, 0.9900286251798941, 0.2755052262788873], [0.0, 0.0, 0.0, 1.0]]","[0.05862360705143441, -0.03824573769196909, -0.005848261523143564]",
111.49091185071299,True,T05,5.9362269397825,,0.9958333333333333,0.9541666666666667,0.7666666666666667,0.3375,True,hemisphere/T05,4.276835722349289,1.1254894257452308,240,0.08229074314302606,0.22686314745933617,0.5170327391676328,1.5785448090969716,2.409218031846626,"[-1.9597085405935013, -1.3160742316070788, -9.282222283153768]",True,hemisphere,10.48311903513968,"[[0.91529163719753, -0.39544170712054033, -0.07659683509034824, -0.22140892905945825], [0.3998197041253513, 0.868900571108261, 0.2918150128435045, 0.4474745502592381], [-0.04884079308714891, -0.29772076480711085, 0.9534028126313072, 0.24416331346616482], [0.0, 0.0, 0.0, 1.0]]","[-0.04663720999293343, 0.010518462776409887, -0.037190174335866015]",results/riemannian_anisotropy_utility_v1/r0_scene_calibration/witnesses/hemisphere_T05.npz
112.60335438025697,True,T06,3.967464151792228,,0.9958333333333333,0.9416666666666667,0.825,0.375,True,hemisphere/T06,4.281781625032349,1.1989624734190496,240,0.10945459346715981,0.13955228640327913,0.6877032107541652,1.6878377715552757,2.6713843002479845,"[-6.954779911730034, -3.2065508728492853, 16.760296931849297]",True,hemisphere,8.619060051627457,"[[0.6527485222879609, -0.7154114087373757, -0.24921051923883009, -0.22738027577968722], [0.7545147211873987, 0.5843930233064657, 0.2986508493579597, 0.4710711103766619], [-0.06802133608203766, -0.38297690603890533, 0.9212501219964544, 0.2836817689991708], [0.0, 0.0, 0.0, 1.0]]","[-0.0526085567131624, 0.03411502289383368, 0.0023282811971399447]",results/riemannian_anisotropy_utility_v1/r0_scene_calibration/witnesses/hemisphere_T06.npz
,False,T07,9.268788762390614,continuous_lift_not_found_under_budget,,,,,False,hemisphere/T07,,,,,,,,,"[3.9091895537173276, -3.9963032321140872, 17.68114360824964]",,hemisphere,9.536669348366559,"[[0.6308548744331285, -0.7457064118657916, -0.2143456897308839, -0.14753151924850239], [0.774530026926088, 0.6216479349090877, 0.11686352045501788, 0.444523100677673], [0.0461016788613521, -0.23974109436121602, 0.9697416371800538, 0.3327668330205108], [0.0, 0.0, 0.0, 1.0]]","[0.027240199818022434, 0.007567013194844777, 0.05141334521847993]",
98.17035420463773,True,T08,7.879443738609552,,0.9458333333333333,0.7875,0.3625,0.19166666666666668,True,hemisphere/T08,3.6752560804956613,0.5946902825886945,240,0.08759236676080699,0.15026665197954034,0.5698069516114028,1.0157331602675965,2.132756446213756,"[7.911391943405491, 6.629567771103488, 1.6767694760870597]",True,hemisphere,12.589322958141565,"[[0.818530154927952, -0.5743587784973122, 0.010971738089218799, -0.1932778107777791], [0.5700602297685015, 0.8144680884250193, 0.10804197042621137, 0.4807702978184213], [-0.0709909847086675, -0.08218105925558811, 0.9940857878421375, 0.28146202569831974], [0.0, 0.0, 0.0, 1.0]]","[-0.018506091711254273, 0.04381421033559307, 0.0001085378962888961]",results/riemannian_anisotropy_utility_v1/r0_scene_calibration/witnesses/hemisphere_T08.npz
,False,T09,1.341228250414133,continuous_lift_not_found_under_budget,,,,,False,hemisphere/T09,,,,,,,,,"[3.9409395676754126, 2.600143415805938, 15.802519533977078]",,hemisphere,1.579253557138145,"[[0.6556867431425721, -0.74811383404311, -0.10198326421724693, -0.16756116959393852], [0.7533776025173478, 0.6393140061212089, 0.15394735984246052, 0.4289125888845471], [-0.04997082040851158, -0.17777315008338326, 0.982801925220505, 0.24688853864135485], [0.0, 0.0, 0.0, 1.0]]","[0.007210549472586328, -0.008043498598281143, -0.03446494916067598]",
,False,T10,1.5917877284809947,continuous_lift_not_found_under_budget,,,,,False,hemisphere/T10,,,,,,,,,"[-5.274615307831039, 3.7188924274955766, 15.841672024770077]",,hemisphere,1.7354669151827693,"[[0.6510790895436244, -0.7480782596595965, -0.12835472949492135, -0.18892365286538107], [0.7433378402694961, 0.5942647211997137, 0.30708027673705685, 0.45873233631881793], [-0.15344339145928065, -0.29534447440589745, 0.9429882115145332, 0.27416317292648296], [0.0, 0.0, 0.0, 1.0]]","[-0.014151933798856244, 0.021776248835989748, -0.007190314875547908]",
,False,T11,1.670009751804173,continuous_lift_not_found_under_budget,,,,,False,hemisphere/T11,,,,,,,,,"[1.3358905105085626, 5.389724286077035, -14.889893975361627]",,hemisphere,1.8151780804619193,"[[0.9425379408298777, -0.3306701959379381, 0.04774360286509037, -0.1692756369303275], [0.3135690194112531, 0.9248622328815967, 0.21518438664255493, 0.4877810704857883], [-0.11531131844549833, -0.18784853395124734, 0.9754056736203291, 0.3097425656468632], [0.0, 0.0, 0.0, 1.0]]","[0.005496082136197344, 0.05082498300296008, 0.028389077844832328]",
108.87513311832271,True,T12,7.716910346411169,,0.9583333333333334,0.8791666666666667,0.6875,0.3,True,hemisphere/T12,4.433263672828774,0.9736326775614335,240,0.07493697005489507,0.13924598185004278,0.5737576826782735,1.538866617745465,2.5351627640918553,"[-3.2022456142622797, -7.6697681373236914, -0.7699188512719282]",True,hemisphere,13.068940517492592,"[[0.8478249581745038, -0.4812972605664383, -0.22258883006036695, -0.18234438154198926], [0.529270037319502, 0.7939014523450507, 0.29932208665621757, 0.4257335207985272], [0.03265069512604344, -0.3715823339929676, 0.9278256846908932, 0.31895848431065005], [0.0, 0.0, 0.0, 1.0]]","[-0.007572662475464426, -0.011222566684300994, 0.03760499650861922]",results/riemannian_anisotropy_utility_v1/r0_scene_calibration/witnesses/hemisphere_T12.npz
,False,T13,9.014531159773469,joint_margin_interior_gate,,,,,True,hemisphere/T13,,,,,0.1890969530197379,0.0,,,"[6.546257812761031, -3.4638577437963125, 9.976054178984832]",,hemisphere,14.873878320679069,"[[0.7278956463186913, -0.6615193090995508, -0.18044426219403023, -0.18753987041161246], [0.6827476237105081, 0.7235723941227545, 0.10148237670216348, 0.4478134073166915], [0.06343193507965297, -0.1970664714047482, 0.9783359318046805, 0.3115165055827536], [0.0, 0.0, 0.0, 1.0]]","[-0.01276815134508763, 0.010857319833863316, 0.03016301778072278]",
,False,T14,4.62817067746073,continuous_lift_not_found_under_budget,,,,,False,hemisphere/T14,,,,,,,,,"[-7.224747871426882, -8.764422852613226, 2.285385387124478]",,hemisphere,4.721092166379094,"[[0.8236535701601783, -0.5065256534724879, -0.255003056328079, -0.1985578545137754], [0.5669783206590843, 0.7445892543350524, 0.3523101279148463, 0.4570707737242994], [0.01141841779744041, -0.4347626993004804, 0.9004726620125472, 0.25758995929139156], [0.0, 0.0, 0.0, 1.0]]","[-0.023786135447250542, 0.020114686241471183, -0.023763528510639308]",
,False,T15,5.371649136766791,joint_margin_interior_gate,,,,,True,hemisphere/T15,,,,,0.1848679560226201,0.0,,,"[3.5750212003428246, 5.94897331071194, 10.381937204652477]",,hemisphere,9.586443431675434,"[[0.7193076746186631, -0.6939697022949588, -0.031662620411738916, -0.15380938158688523], [0.6871337374314506, 0.7040377214561238, 0.1793825901539945, 0.48839047177985634], [-0.10219440355605532, -0.15078772849113395, 0.9832697314665524, 0.24324286996037026], [0.0, 0.0, 0.0, 1.0]]","[0.020962337479639603, 0.051434384297028124, -0.0381106178416606]",
109.17598924210102,True,T16,9.539004744030535,,0.975,0.9291666666666667,0.7583333333333333,0.325,True,hemisphere/T16,4.084925893894045,1.094820700508936,240,0.09386772874823937,0.2428187287451842,0.589770939725188,1.5147526001957596,2.480969236270924,"[-4.921655942094951, 8.634939696204706, 15.382949594107197]",True,hemisphere,16.215336287394166,"[[0.6417096441684951, -0.7655663979383195, -0.0460089440097296, -0.1805635638017946], [0.7345160906088789, 0.5962066417281563, 0.32407368451616547, 0.4599068828642675], [-0.22066908532414045, -0.24175551846231108, 0.9449123896294441, 0.28896423279404515], [0.0, 0.0, 0.0, 1.0]]","[-0.005791844735269766, 0.02295079538143932, 0.007610744992014307]",results/riemannian_anisotropy_utility_v1/r0_scene_calibration/witnesses/hemisphere_T16.npz
87.00982932707518,True,T17,3.702444603666663,,0.9916666666666667,0.95,0.7291666666666666,0.25833333333333336,True,hemisphere/T17,2.760891301432454,1.0892809050483212,240,0.14474964713100286,0.2930678570687822,0.909462032924091,1.3925502947923651,1.8255500559176054,"[-1.5060095966218958, 1.5390770757039611, -14.649926285886997]",True,hemisphere,8.235617362894118,"[[0.9455624951587676, -0.3254062033862579, -0.004729751247911746, -0.23390123664261608], [0.313798209963712, 0.9077869540092491, 0.27830474224162943, 0.38220461311372544], [-0.08626848307867648, -0.2646387139636811, 0.9604811814392582, 0.2726999347937568], [0.0, 0.0, 0.0, 1.0]]","[-0.059129517576091244, -0.054751474369102784, -0.008653553008274029]",results/riemannian_anisotropy_utility_v1/r0_scene_calibration/witnesses/hemisphere_T17.npz
,False,T18,3.208647670224309,continuous_lift_not_found_under_budget,,,,,False,hemisphere/T18,,,,,,,,,"[9.42527935949656, -3.4107713473034167, 11.525201984913963]",,hemisphere,3.4195081600919366,"[[0.707897249984444, -0.6848982025402545, -0.1726149924589129, -0.13784852350143], [0.7005536397851299, 0.7119845193210042, 0.04798585240511492, 0.4199695297530979], [0.09003377837383268, -0.15489511420431443, 0.9838198119307031, 0.22293527914873718], [0.0, 0.0, 0.0, 1.0]]","[0.036923195565094824, -0.01698655772973031, -0.058418208653293655]",
,False,T19,7.813050689175725,joint_margin_interior_gate,,,,,True,hemisphere/T19,,,,,0.27636373555836036,0.0,,,"[-8.15515246729418, 4.6919885442987095, -10.490295754206901]",,hemisphere,13.334854356013238,"[[0.9073714545627157, -0.41801961570055207, 0.04400732137161141, -0.17759856707177862], [0.37272892990373063, 0.8485884425611283, 0.3754607835240571, 0.49464317676521097], [-0.19429407674337723, -0.3242795954747103, 0.9257929334906358, 0.3021586745775632], [0.0, 0.0, 0.0, 1.0]]","[-0.0028268480052537973, 0.05768708928238277, 0.020805186775532364]",
,False,T20,3.355586285702884,continuous_lift_not_found_under_budget,,,,,False,hemisphere/T20,,,,,,,,,"[-0.9666356432527614, 7.511359353278046, -3.943854820867326]",,hemisphere,3.456525486893952,"[[0.8580364148544601, -0.5117468506339172, 0.043458850076503734, -0.2082025795613142], [0.4854522475906223, 0.8357439440670164, 0.2566479597902952, 0.38037372460067914], [-0.1676592559118582, -0.19911609885083392, 0.9655273963412467, 0.2535111670021797], [0.0, 0.0, 0.0, 1.0]]","[-0.033430860494789355, -0.05658236288214908, -0.027842320799851175]",
,False,T21,2.7639920338988304,continuous_lift_not_found_under_budget,,,,,False,hemisphere/T21,,,,,,,,,"[9.580224303252024, -7.053272806615163, 15.898854415680582]",,hemisphere,2.920368779450655,"[[0.6451469062846948, -0.7270653698745223, -0.23486467857153612, -0.19696359726810353], [0.7503137203901064, 0.6609103210345023, 0.015062156035180935, 0.4217162160922592], [0.14427331806555257, -0.18593949413531013, 0.9719113715843954, 0.28753237387934605], [0.0, 0.0, 0.0, 1.0]]","[-0.02219187820157871, -0.015239871390569065, 0.006178886077315232]",
86.02529342615799,True,T22,6.3032791977748275,,0.9833333333333333,0.9666666666666667,0.7833333333333333,0.32083333333333336,True,hemisphere/T22,2.919637656819052,1.1658537181077744,240,0.02529197921369313,0.32608667138262354,0.31782862175136906,1.4892646570629433,1.8163316901850295,"[-7.250193845075916, 6.986677304047802, -16.074719385553212]",True,hemisphere,11.088104971684515,"[[0.9327426607044057, -0.3425032814496445, 0.11261718828976224, -0.11789703449908677], [0.28656690025468445, 0.8938200972860528, 0.3449130982812528, 0.4199118092533572], [-0.2187933741695298, -0.2894428024390605, 0.9318542394257456, 0.30394696823382433], [0.0, 0.0, 0.0, 1.0]]","[0.056874684567438064, -0.017044278229471008, 0.02259348043179349]",results/riemannian_anisotropy_utility_v1/r0_scene_calibration/witnesses/hemisphere_T22.npz
,False,T23,0.9136228356510401,continuous_lift_not_found_under_budget,,,,,False,hemisphere/T23,,,,,,,,,"[6.169109665935818, 8.638968673053348, -8.796375085223481]",,hemisphere,1.0623140940442681,"[[0.9031651879379343, -0.4237275335473228, 0.06890297969564432, -0.1821346006940201], [0.4131436393134484, 0.901529583024768, 0.1286730128116499, 0.4387241881295926], [-0.11664037290696176, -0.08774615800757485, 0.9892904705712243, 0.2342669300899926], [0.0, 0.0, 0.0, 1.0]]","[-0.007362881627495266, 0.0017681006467643312, -0.04708655771203824]",
,False,T24,2.884119214490056,continuous_lift_not_found_under_budget,,,,,False,hemisphere/T24,,,,,,,,,"[4.991027613163389, -4.455341329289551, -4.7583767622157325]",,hemisphere,3.2679484924301505,"[[0.8775503631428293, -0.45091896337345866, -0.16302591394650762, -0.1335982339953175], [0.4753161656606532, 0.8628301881353887, 0.1720424630836947, 0.4409546500198197], [0.06308647089149272, -0.2284647782754607, 0.9715060176231547, 0.3305862471513119], [0.0, 0.0, 0.0, 1.0]]","[0.04117348507120734, 0.003998562536991462, 0.04923275934928108]",
,False,T25,2.9957744237035513,joint_margin_interior_gate,,,,,True,hemisphere/T25,,,,,0.2974513767441394,0.0,,,"[-1.8550417114812416, -0.8686581252816001, 3.402194783682578]",,hemisphere,7.034353054128587,"[[0.804731977196968, -0.5789420459546236, -0.13127281631218707, -0.12351559840554106], [0.5911405920675321, 0.7612439266785042, 0.2665717248793275, 0.380674858594007], [-0.054398945639655645, -0.2921194815841061, 0.9548334740635809, 0.3291412009143519], [0.0, 0.0, 0.0, 1.0]]","[0.05125612066098377, -0.05628122888882119, 0.04778771311232104]",
,False,T26,11.378512946888804,joint_margin_interior_gate,,,,,True,hemisphere/T26,,,,,0.11571713468858641,0.0,,,"[-4.613578062400611, 9.522516446465328, -15.60022120874786]",,hemisphere,16.137115449644625,"[[0.9254799047795392, -0.35181944704078555, 0.1403923877322812, -0.22268025717318987], [0.3006774830344225, 0.9077221291807149, 0.2926321708078497, 0.46311304216941734], [-0.23039096563307312, -0.22861236379414357, 0.9458627754992341, 0.22879118880041846], [0.0, 0.0, 0.0, 1.0]]","[-0.04790853810666504, 0.02615695468658913, -0.052562299001612384]",
112.59634532197111,True,T27,4.068688622675836,,0.9625,0.9166666666666666,0.7541666666666667,0.3125,True,hemisphere/T27,4.118571468612939,1.0475606316411947,240,0.08872634795636042,0.2025774493986393,0.5574676442098125,1.5557607433016205,2.3954466830212695,"[1.0538631428249463, 6.094096859034742, 10.030288220975269]",True,hemisphere,9.139320127665997,"[[0.7209541095413957, -0.6920204689487627, -0.036508115417093354, -0.16459344112199387], [0.681025362927107, 0.697785639083825, 0.2220352605744875, 0.45916926159109356], [-0.128178106497855, -0.18494018612598212, 0.9743549150952704, 0.3045590618062725], [0.0, 0.0, 0.0, 1.0]]","[0.010178277944530967, 0.022213174108265357, 0.023205574004241655]",results/riemannian_anisotropy_utility_v1/r0_scene_calibration/witnesses/hemisphere_T27.npz
,False,T28,2.24570800550282,continuous_lift_not_found_under_budget,,,,,False,hemisphere/T28,,,,,,,,,"[-4.51473177600753, -5.65156498359868, 9.346594367292091]",,hemisphere,2.4706537555903196,"[[0.7438182584773337, -0.6229707292257471, -0.24216083267879476, -0.19315535966193442], [0.6683175533348354, 0.6881867053172492, 0.28240167586104964, 0.4908949986292087], [-0.009276112347629751, -0.37189585793946506, 0.9282281102116997, 0.317749764531138], [0.0, 0.0, 0.0, 1.0]]","[-0.01838364059540959, 0.05393891114638048, 0.036396276729107196]",
110.56435792753993,True,T29,4.466153192333877,,0.9625,0.9166666666666666,0.7291666666666666,0.30416666666666664,True,hemisphere/T29,3.947037511314892,1.0970177757521147,240,0.09993152623125551,0.20413994234553565,0.6278697793109784,1.5555336647950913,2.4655839646808144,"[0.09989384483264097, -3.0040582641013263, -18.368063021486137]",True,hemisphere,10.766903450712562,"[[0.9676538184123247, -0.24308364714317074, -0.0675013200139262, -0.18339308181158637], [0.2522396960477542, 0.9273320456613956, 0.2764605086213729, 0.4554823933248535], [-0.004606891553380625, -0.2845445792508198, 0.9586517401899344, 0.3351945700472229], [0.0, 0.0, 0.0, 1.0]]","[-0.00862136274506154, 0.01852630584202529, 0.05384108224519209]",results/riemannian_anisotropy_utility_v1/r0_scene_calibration/witnesses/hemisphere_T29.npz
97.87425025524621,True,T30,8.355314589105546,,0.975,0.7958333333333333,0.32916666666666666,0.18333333333333332,True,hemisphere/T30,4.0479361451793,0.5744428132214499,240,0.08059473755347592,0.17540986421151197,0.5063767360484892,0.8993771415884649,1.95084478103017,"[8.205468002286022, 3.124212170692678, 19.008416046315382]",True,hemisphere,12.85880342964083,"[[0.6143607495461008, -0.7852077914932624, -0.07752156858208294, -0.13883415467981453], [0.7888417598023638, 0.6091272962603828, 0.08180840386186393, 0.47644545760784823], [-0.017016092649695006, -0.11141212289867478, 0.993628598351591, 0.26747123150924484], [0.0, 0.0, 0.0, 1.0]]","[0.03593756438671031, 0.039489370125020004, -0.013882256292785985]",results/riemannian_anisotropy_utility_v1/r0_scene_calibration/witnesses/hemisphere_T30.npz
117.0367035007508,True,T31,2.7747371355071664,,0.9541666666666667,0.9,0.6833333333333333,0.2708333333333333,True,hemisphere/T31,4.786464966747208,0.9890255839055027,240,0.07407762222587454,0.13424924051298634,0.46542970044516974,1.4472148219075054,2.0772004742230656,"[8.317181380282449, 9.465769948295815, 8.906507766998438]",True,hemisphere,9.063113211654127,"[[0.7364592691118632, -0.6748422911840285, 0.047070446871803916, -0.167876612657043], [0.667740208630372, 0.736330494448142, 0.10927221386986717, 0.4394682732256444], [-0.10840091658970272, -0.0490437047463344, 0.9928967500738768, 0.3025001309628284], [0.0, 0.0, 0.0, 1.0]]","[0.0068951064094818215, 0.0025121857428161837, 0.02114664316079755]",results/riemannian_anisotropy_utility_v1/r0_scene_calibration/witnesses/hemisphere_T31.npz
,False,T32,6.101210914552212,continuous_lift_not_found_under_budget,,,,,False,hemisphere/T32,,,,,,,,,"[2.083824867976565, -2.77290850382067, 1.2460777208659053]",,hemisphere,6.372520248405635,"[[0.825864827266016, -0.5429482472026119, -0.1521659881329758, -0.16442876073907436], [0.5637635625079953, 0.800274494191136, 0.20428259724072298, 0.4575428525208263], [0.010859681080363956, -0.2544954514460586, 0.9670129950109769, 0.25347996665768524], [0.0, 0.0, 0.0, 1.0]]","[0.010342958327450483, 0.02058676503799811, -0.027873521144345624]",
120.02544917578106,True,T33,7.2954886658117175,,0.9541666666666667,0.9125,0.7791666666666667,0.30833333333333335,True,hemisphere/T33,4.83985508249133,1.2122541804370863,240,0.0825834994531997,0.13134088258019552,0.5922350020533083,1.4681817586740193,2.482830964093964,"[9.074787099047942, 4.870626643747896, 8.411981326627235]",True,hemisphere,11.560239419341087,"[[0.7488141934268288, -0.6621513874495287, -0.02885903361501018, -0.1724224489276433], [0.6618921455656462, 0.7448488579224839, 0.08425536475546619, 0.4842991121938843], [-0.03429418844401118, -0.08219318067963785, 0.9960261992983573, 0.31117371928064286], [0.0, 0.0, 0.0, 1.0]]","[0.002349270138881518, 0.04734302471105606, 0.029820231478612028]",results/riemannian_anisotropy_utility_v1/r0_scene_calibration/witnesses/hemisphere_T33.npz
105.83160223503882,True,T34,3.1767732491716743,,0.95,0.9166666666666666,0.6541666666666667,0.25416666666666665,True,hemisphere/T34,3.7237871539973884,1.0056702965345083,240,0.07196408323900495,0.24746952914825954,0.45215033499066815,1.393554726885239,2.410932152725954,"[-6.778572123255035, 4.125873623067292, 3.0961019372676977]",True,hemisphere,7.575423149392009,"[[0.7970635768637779, -0.6015893862947762, -0.05272442256293708, -0.2108909200322166], [0.5784763460715924, 0.7355345009993772, 0.3526387881037144, 0.4071051049039299], [-0.1733631202787369, -0.3115753650997969, 0.9342729902925314, 0.2719677180042011], [0.0, 0.0, 0.0, 1.0]]","[-0.03611920096569175, -0.02985098257889829, -0.009385769797829721]",results/riemannian_anisotropy_utility_v1/r0_scene_calibration/witnesses/hemisphere_T34.npz
84.93622299221002,True,T35,9.561950768344104,,0.95,0.9041666666666667,0.6083333333333333,0.2791666666666667,True,hemisphere/T35,3.3356056932724947,0.9565731375378002,240,0.11253406401543208,0.26020032050578296,0.9551045680477692,1.4027478550917611,1.8545100732418038,"[-9.543668729073548, 2.095610253884505, 10.328890126662252]",True,hemisphere,13.796762581914663,"[[0.7235913994888462, -0.6763201449267836, -0.13786423811847523, -0.13812689427977526], [0.669069915822333, 0.6382004903136627, 0.3808485025635481, 0.3802410943515224], [-0.1695904900849969, -0.36781951515602745, 0.914301848375642, 0.29784257869706454], [0.0, 0.0, 0.0, 1.0]]","[0.03664482478674959, -0.05671499313130576, 0.016489090895033684]",results/riemannian_anisotropy_utility_v1/r0_scene_calibration/witnesses/hemisphere_T35.npz
23.5365166114594,True,T00,0.0,,1.0,0.9875,0.8666666666666667,0.6666666666666666,True,saddle/T00,4.62612888413688,1.5432729550002358,240,0.0819451023393095,0.4427346121452326,1.0297532951346522,1.8299331994930255,2.2935306296766464,"[0, 0, 0]",True,saddle,2.643483765423298,"[[0.9469076695120848, 0.31391274148915205, -0.06945974481638399, -0.2294924715007776], [-0.28622545885938666, 0.9214866098747405, 0.26255935428449584, 0.4405300030188727], [0.14642695148068188, -0.22873831894180438, 0.9624125567176228, 0.4434006226322089], [0.0, 0.0, 0.0, 1.0]]","[0, 0, 0]",results/riemannian_anisotropy_utility_v1/r0_scene_calibration/witnesses/saddle_T00.npz
22.999316218925888,True,T01,9.269553122110665,,1.0,1.0,0.6833333333333333,0.21666666666666667,True,saddle/T01,2.1718369432665527,0.890590761708407,240,0.10413740811699532,0.9081656859199425,1.3086302426132477,1.2968022679724045,1.6179081650174283,"[9.640894791577939, -9.159275163313737, -18.926260680092565]",True,saddle,12.410926735028625,"[[0.7702949645878987, 0.6109628895486079, -0.1826746154366924, -0.26300142266210974], [-0.5883600876555081, 0.7913987174924187, 0.16589296912575247, 0.49133935189769967], [0.2459229041478868, -0.02030806602733435, 0.9690766263148126, 0.455659890787476], [0.0, 0.0, 0.0, 1.0]]","[-0.03350895116133215, 0.050809348878827, 0.012259268155267053]",results/riemannian_anisotropy_utility_v1/r0_scene_calibration/witnesses/saddle_T01.npz
25.309906193373116,True,T02,7.796954143792391,,1.0,1.0,0.4666666666666667,0.22083333333333333,True,saddle/T02,2.23219313210343,0.7947085266725438,240,0.08507570786718835,0.5704674686368887,1.0690936738280783,1.1361003358544646,1.7138670410237489,"[8.182572922633305, 5.482335658327955, 11.400321227550478]",True,saddle,11.473901896737516,"[[0.9938574352077103, 0.11066609331587364, 0.0006436400813890263, -0.2856995169757275], [-0.10987127030826833, 0.9859893957399721, 0.125511813982477, 0.4528428150013219], [0.013255279823506572, -0.12481156708625536, 0.9920919162447973, 0.4397153788161723], [0.0, 0.0, 0.0, 1.0]]","[-0.05620704547494991, 0.012312811982449198, -0.003685243816036625]",results/riemannian_anisotropy_utility_v1/r0_scene_calibration/witnesses/saddle_T02.npz
22.291432482454418,True,T03,10.435549097135663,,1.0,0.9541666666666667,0.8375,0.5125,True,saddle/T03,4.767031943636223,1.425761607462047,240,0.0861379957870958,0.3620942098771078,1.082442787499045,1.77718911881379,2.156320852676011,"[-3.250007450893955, 9.793639814899535, 12.310566663859852]",True,saddle,14.67816941998899,"[[0.9978028795328556, 0.062200748623077645, 0.022814040998262484, -0.24051094679674856], [-0.06624483357361248, 0.9419576841986435, 0.329131194516614, 0.45654995016142114], [-0.001017654531795072, -0.3299193659818373, 0.9440085679321966, 0.4134963524103434], [0.0, 0.0, 0.0, 1.0]]","[-0.011018475295970956, 0.016019947142548438, -0.029904270221865533]",results/riemannian_anisotropy_utility_v1/r0_scene_calibration/witnesses/saddle_T03.npz
21.166415311329917,True,T04,8.262758564203978,,0.9958333333333333,0.9375,0.7916666666666666,0.2916666666666667,True,saddle/T04,3.1532918571126842,1.2001291129324152,240,0.07817428552558746,0.8520679906121162,0.9823677781430318,1.449385125588642,1.7542155811128322,"[4.946337830502557, -9.086409417624171, 8.81489463471884]",True,saddle,12.227046637795866,"[[0.9506999022652078, 0.18576905909827068, -0.2483134158974647, -0.22522974367420168], [-0.15391495363687605, 0.9777942229418926, 0.14222743978718977, 0.42010764110190857], [0.2692208812107307, -0.09699646520983952, 0.9581815083046187, 0.38753744475573465], [0.0, 0.0, 0.0, 1.0]]","[0.004262727826575927, -0.020422361916964143, -0.055863177876474275]",results/riemannian_anisotropy_utility_v1/r0_scene_calibration/witnesses/saddle_T04.npz
,False,T05,4.948997875675559,joint_margin_interior_gate,,,,,True,saddle/T05,,,,,0.5656403175296053,0.0,,,"[-1.967060725346366, -2.8317153761798703, 2.8232508007655923]",,saddle,8.280943566933274,"[[0.9507400942540957, 0.28101506993014114, -0.13085795218431062, -0.19636061625881268], [-0.23448652563658676, 0.9280600425416223, 0.2893451688425511, 0.49985385872722154], [0.20275438952731883, -0.2444076265377167, 0.9482381397189233, 0.4501652508834469], [0.0, 0.0, 0.0, 1.0]]","[0.03313185524196491, 0.05932385570834889, 0.00676462825123797]",
24.9285757824507,True,T06,5.270950444042683,,1.0,1.0,0.925,0.6083333333333333,True,saddle/T06,4.484816339098649,1.4995380434057881,240,0.08515907812641754,0.5249925652326598,1.0701413361862508,1.7369322366239772,2.3073310667560634,"[5.885145585255316, 2.197269628403248, -9.629570603638506]",True,saddle,8.810707085765898,"[[0.8871373467382511, 0.4614877842711371, -0.004043883125455547, -0.21303228618232722], [-0.454533382005077, 0.8752188645137149, 0.16550330462667628, 0.4571160373512346], [0.07991703613900324, -0.14498608266947557, 0.9862009446187513, 0.3976950272150948], [0.0, 0.0, 0.0, 1.0]]","[0.01646018531845035, 0.016586034332361943, -0.04570559541711409]",results/riemannian_anisotropy_utility_v1/r0_scene_calibration/witnesses/saddle_T06.npz
22.065826860250034,True,T07,3.0056053632870317,,0.9458333333333333,0.8791666666666667,0.7958333333333333,0.32916666666666666,True,saddle/T07,3.591166511144568,1.2400750210008393,240,0.08540635654604434,0.6765426643688773,1.0732487307730807,1.4852933297031767,1.896365093151816,"[6.757055189319292, -4.617246593838946, 1.6186265974792136]",True,saddle,6.71620964910835,"[[0.9429826717652309, 0.29571450917248254, -0.15276324759373427, -0.1807675787236524], [-0.27493952324088466, 0.9507315066334592, 0.14324056986254843, 0.4204799157215745], [0.18759514735350136, -0.0930727208120096, 0.9778269424238973, 0.4712895645310349], [0.0, 0.0, 0.0, 1.0]]","[0.048724892777125176, -0.020050087297298194, 0.02788894189882596]",results/riemannian_anisotropy_utility_v1/r0_scene_calibration/witnesses/saddle_T07.npz
23.13684315663362,True,T08,8.913047541864216,,1.0,0.9958333333333333,0.8791666666666667,0.55,True,saddle/T08,4.000114313148097,1.4092961370869084,240,0.08173873891481312,0.6377352309631409,1.0271600539243293,1.6649661667357272,2.1043035135618697,"[4.764130309229753, 0.7237413651717954, 0.30296430804902386]",True,saddle,11.98831679020077,"[[0.9499343227238599, 0.30701460016720356, -0.058024286254411625, -0.22781244265862627], [-0.2923790247615686, 0.9389370745500819, 0.18141575431810783, 0.4417821576312365], [0.11017843886457926, -0.15536796748205897, 0.9816931833775042, 0.39053597154903524], [0.0, 0.0, 0.0, 1.0]]","[0.0016800288421513349, 0.0012521546123638524, -0.052864651083173654]",results/riemannian_anisotropy_utility_v1/r0_scene_calibration/witnesses/saddle_T08.npz
22.727708556447205,True,T09,7.72699735686183,,1.0,1.0,0.8666666666666667,0.4041666666666667,True,saddle/T09,4.118034648675524,1.2797231894006698,240,0.07755767355312077,0.5904758743817871,0.9746191977844658,1.5559051090802438,2.0134996467640645,"[8.943574213361217, 4.256671955904112, 11.79094778862904]",True,saddle,10.426223418675363,"[[0.9940756437880816, 0.1071575731225355, -0.018189803456880052, -0.2553151703270325], [-0.10458526570939064, 0.9885996421673884, 0.10831744874676474, 0.4250329335244218], [0.029589468123094667, -0.10577335216868332, 0.9939499289940075, 0.3918301777327664], [0.0, 0.0, 0.0, 1.0]]","[-0.025822698826254924, -0.015497069494450892, -0.05157044489944252]",results/riemannian_anisotropy_utility_v1/r0_scene_calibration/witnesses/saddle_T09.npz
22.435108202705596,True,T10,8.463763155043125,,1.0,0.9458333333333333,0.85,0.65,True,saddle/T10,4.521084067899227,1.5731051967610639,240,0.08728844407643996,0.4018776254982965,1.0968997578732935,1.895950243429127,2.3439011618831853,"[-5.173171512241588, -7.112929425352556, -1.155733701767975]",True,saddle,11.2386439954862,"[[0.9126969170206128, 0.3680168735098451, -0.17761733719743503, -0.18879808042937607], [-0.290324965627743, 0.8898668002920339, 0.3519211446777069, 0.44882189590251403], [0.28756869091456827, -0.2696305964649716, 0.9190231713377119, 0.5004623008944005], [0.0, 0.0, 0.0, 1.0]]","[0.040694391071401534, 0.00829189288364135, 0.05706167826219159]",results/riemannian_anisotropy_utility_v1/r0_scene_calibration/witnesses/saddle_T10.npz
21.17874308143717,True,T11,5.71690855640918,,1.0,0.9666666666666667,0.7666666666666667,0.18333333333333332,True,saddle/T11,2.337803165153013,1.048313142148378,240,0.0020411728456190526,0.9161075051810059,0.025650153623730354,1.2813608621704393,1.809966196658546,"[-6.541835409130288, -4.076310686877465, -8.080230375606469]",True,saddle,8.65928427875042,"[[0.8849770320541852, 0.45840987111377, -0.08170705478734495, -0.27265033576742187], [-0.39600306917169503, 0.8332654621630944, 0.3858111439198233, 0.4438861499212472], [0.24494330352790467, -0.3090777566108269, 0.9189525115180085, 0.4762168079431756], [0.0, 0.0, 0.0, 1.0]]","[-0.04315786426664429, 0.0033561469023745266, 0.032816185310966695]",results/riemannian_anisotropy_utility_v1/r0_scene_calibration/witnesses/saddle_T11.npz
23.77149974456497,True,T12,7.87560180388391,,1.0,0.9541666666666667,0.325,0.13333333333333333,True,saddle/T12,1.7217431863606565,0.6696524760744333,240,0.11915196981671144,0.9167463495958266,1.4973089304653264,1.1246083861043683,1.423014587829737,"[-3.5163147360534097, -8.042253955152049, -17.351218927680474]",True,saddle,11.409997342154384,"[[0.7905469937315414, 0.604827975868765, -0.09601338609024702, -0.26334971502192717], [-0.5369011973579342, 0.7599266329299746, 0.36639953171275774, 0.4143266005930529], [0.2945718163328577, -0.238106346345922, 0.9254905795588397, 0.48013091249843937], [0.0, 0.0, 0.0, 1.0]]","[-0.03385724352114959, -0.026203402425819797, 0.036730289866230434]",results/riemannian_anisotropy_utility_v1/r0_scene_calibration/witnesses/saddle_T12.npz
22.84009956430127,True,T13,8.509914102964103,,1.0,0.9833333333333333,0.8583333333333333,0.5208333333333334,True,saddle/T13,3.9834857699941,1.3994420610716523,240,0.08890998642865265,0.6169518941107542,1.1172766752572922,1.6693348030352908,2.1137438796498924,"[5.4260599003510315, -7.612294268935847, -8.631728578413078]",True,saddle,11.852709833532572,"[[0.8675422243493217, 0.46695906318211783, -0.17123002739913978, -0.17013183060232917], [-0.43390709818692963, 0.878859147091205, 0.19832102691625472, 0.45279800887455934], [0.2430948767745415, -0.09775394051494016, 0.9650642714346915, 0.43498986945216433], [0.0, 0.0, 0.0, 1.0]]","[0.05936064089844843, 0.012268005855686673, -0.008410753180044563]",results/riemannian_anisotropy_utility_v1/r0_scene_calibration/witnesses/saddle_T13.npz
21.328084135060873,True,T14,6.613199412822723,,1.0,1.0,0.49583333333333335,0.09166666666666666,True,saddle/T14,2.465631963533571,0.8020983768241299,240,0.08408073576449285,0.8724218610572021,1.0565904762962077,1.1142336423982324,1.346416733998073,"[8.991320518293513, 7.967100038776658, 10.178725570361845]",True,saddle,10.492962608113885,"[[0.990640775818106, 0.12765421323066345, 0.04832447755497896, -0.2509612248960086], [-0.13261448958882172, 0.9839569102164766, 0.11934067197875607, 0.48131159395927403], [-0.03231486403495573, -0.12463226180128902, 0.9916766352398838, 0.42624709638758035], [0.0, 0.0, 0.0, 1.0]]","[-0.02146875339523102, 0.04078159094040136, -0.017153526244628563]",results/riemannian_anisotropy_utility_v1/r0_scene_calibration/witnesses/saddle_T14.npz
22.532980877734392,True,T15,4.277771475724876,,1.0,1.0,0.7791666666666667,0.44166666666666665,True,saddle/T15,4.824724062311144,1.258983388809014,240,0.08698436964871901,0.3604481395849697,1.0930786430662698,1.6601387490075479,2.0962109351025835,"[1.1929860833392283, 9.027188034583698, 13.427175612960056]",True,saddle,7.464743687771261,"[[0.9982071946370973, 0.054539938020279344, 0.0246534325293652, -0.2338827877170156], [-0.05903267536030871, 0.9650939078522414, 0.25516444161813273, 0.4630999754326562], [-0.009876224710904527, -0.25616233951780104, 0.9665833207738619, 0.3872340913255554], [0.0, 0.0, 0.0, 1.0]]","[-0.004390316216238005, 0.022569972413783487, -0.05616653130665348]",results/riemannian_anisotropy_utility_v1/r0_scene_calibration/witnesses/saddle_T15.npz
24.58649572925342,True,T16,6.895513721741736,,0.9958333333333333,0.9708333333333333,0.8666666666666667,0.6083333333333333,True,saddle/T16,5.518912764452309,1.4944890012727199,240,0.07368267432311683,0.2581114265388402,0.9259244849605288,1.7933173413276216,2.3342141438291506,"[4.892270543360979, 1.9082020116510119, 5.10713500224265]",True,saddle,9.814650349318981,"[[0.9731526655118237, 0.2240739511730699, -0.05258092822422746, -0.2633593794853226], [-0.21188309426415552, 0.9614002979318951, 0.17554207900532082, 0.40333801724062657], [0.08988572730016531, -0.15968823232208434, 0.9830667446748305, 0.47774170294601154], [0.0, 0.0, 0.0, 1.0]]","[-0.033866907984545044, -0.03719198577824614, 0.03434108031380262]",results/riemannian_anisotropy_utility_v1/r0_scene_calibration/witnesses/saddle_T16.npz
24.983074629614883,True,T17,8.556104384362698,,0.8208333333333333,0.5625,0.3875,0.025,True,saddle/T17,1.5971073304412389,0.569837085743434,240,0.08778465784537852,0.5875553784659437,1.1031353686550078,1.0021757456023266,1.0884045683002475,"[0.9228338698307895, 4.518168673344174, -15.686459258193368]",True,saddle,11.641868464648724,"[[0.8415466622876572, 0.5351708845073592, 0.07342574186288318, -0.25904553781835493], [-0.536042636757402, 0.8105435317417206, 0.23596074828206118, 0.4411113898057322], [0.06676456223683173, -0.23793130842171487, 0.9689846158232105, 0.3848938864434732], [0.0, 0.0, 0.0, 1.0]]","[-0.02955306631757734, 0.0005813867868595529, -0.05850673618873567]",results/riemannian_anisotropy_utility_v1/r0_scene_calibration/witnesses/saddle_T17.npz
20.9090169381481,True,T18,5.356552363373339,,0.9666666666666667,0.875,0.8208333333333333,0.2916666666666667,True,saddle/T18,2.7766360152816287,1.2235444644130826,240,0.07618087828471155,0.869200216227492,0.9573178652594336,1.4307737437252828,1.6777731179563806,"[-0.5138420352346085, -0.9617525510208865, 14.795136520540296]",True,saddle,8.70953016076237,"[[0.9857195036367572, 0.07252734468051793, -0.15197646009727434, -0.24271910458763654], [-0.03432174048760298, 0.970082055928298, 0.24033897498289383, 0.3942663919831154], [0.16486078454261555, -0.23169071850102196, 0.9587180673589466, 0.3842904970039415], [0.0, 0.0, 0.0, 1.0]]","[-0.013226633086858945, -0.046263611035757296, -0.05911012562826742]",results/riemannian_anisotropy_utility_v1/r0_scene_calibration/witnesses/saddle_T18.npz
22.587943183145008,True,T19,4.821795053780079,,0.9833333333333333,0.95,0.4,0.0625,True,saddle/T19,2.043218665926432,0.754336249840299,240,0.15250330652500024,0.856461454188732,1.4585777605469958,1.058689864785639,1.2317797581207919,"[-4.262206887755586, 2.460548555383353, 6.033082355990498]",True,saddle,7.48210240714252,"[[0.976793404258101, 0.20442758494448793, -0.06390624313503696, -0.20211132135240562], [-0.1728449957295858, 0.9285669429734081, 0.32846314841738183, 0.48742228401011123], [0.1264881529990449, -0.30979476259417893, 0.9423523503552728, 0.4714206223742712], [0.0, 0.0, 0.0, 1.0]]","[0.02738115014837196, 0.046892280991238544, 0.02801999974206229]",results/riemannian_anisotropy_utility_v1/r0_scene_calibration/witnesses/saddle_T19.npz
,False,T20,6.752588547766209,joint_margin_interior_gate,,,,,True,saddle/T20,,,,,0.5824878569500429,0.0,,,"[-4.954428762555779, -8.017729169457104, -16.019827555363577]",,saddle,9.008608062751591,"[[0.8031634196405051, 0.5878936702974836, -0.09648602891363796, -0.24107655459174515], [-0.5141244917336395, 0.765786395516993, 0.38632525602232964, 0.49468319833195684], [0.3010058609911056, -0.26067648314576664, 0.9173021545727221, 0.4462476433557749], [0.0, 0.0, 0.0, 1.0]]","[-0.011584083090967548, 0.05415319531308416, 0.002847020723565963]",
22.792465035180527,True,T21,5.047987317666411,,1.0,0.9208333333333333,0.7625,0.375,True,saddle/T21,4.965145632701477,1.2189204595016774,240,0.07315258234607684,0.30829603407154976,0.9192631477420932,1.5390851582858742,2.0419490719760613,"[9.596421542660632, -8.041407296966863, 10.422687647188912]",True,saddle,8.704990518279374,"[[0.9642997981426763, 0.144321588687955, -0.22202967896337308, -0.24025520762010621], [-0.13439802349843688, 0.9891542056153088, 0.059254778653382065, 0.39375023953199223], [0.22817333451064647, -0.027299021083775476, 0.973237737074637, 0.5014630140068995], [0.0, 0.0, 0.0, 1.0]]","[-0.010762736119328625, -0.046779763486880475, 0.05806239137469056]",results/riemannian_anisotropy_utility_v1/r0_scene_calibration/witnesses/saddle_T21.npz
24.373204534694196,True,T22,13.145714706741273,,1.0,1.0,0.6833333333333333,0.08333333333333333,True,saddle/T22,2.316970524313435,0.8924957633215516,240,0.08446215173517164,0.8059649666928328,1.0613834943218263,1.0509436637734197,1.2857225902578873,"[9.428836958564688, -5.6651975222165945, -19.155629201976915]",True,saddle,15.972532631829381,"[[0.7804888618869014, 0.612631032149629, -0.12458071647638486, -0.1980775137958482], [-0.5954203767719384, 0.7891801412844515, 0.15056320774683438, 0.3918246763571282], [0.19055632079585372, -0.043335009513480766, 0.9807193102795592, 0.3864618857341028], [0.0, 0.0, 0.0, 1.0]]","[0.0314149577049294, -0.048705326661744465, -0.05693873689810615]",results/riemannian_anisotropy_utility_v1/r0_scene_calibration/witnesses/saddle_T22.npz
30.18174341765303,True,T23,2.3937111226841807,,1.0,1.0,0.975,0.6666666666666666,True,saddle/T23,3.3469100119794812,1.5229480565754614,240,0.07433113069144318,0.7607858972807668,0.9340732340983378,1.7659642361508796,2.1658079195407276,"[-7.092550307428624, 6.985743350236291, -16.526042454527467]",True,saddle,5.532736076042056,"[[0.8464641988978173, 0.5110568172551153, 0.149396417364501, -0.28610336098936334], [-0.5285681222534517, 0.7727434391174093, 0.35140193146660265, 0.38359258035399424], [0.06414125132655778, -0.3764153382077708, 0.9242279984074239, 0.4148426706319983], [0.0, 0.0, 0.0, 1.0]]","[-0.056610889488585746, -0.05693742266487844, -0.028557952000210614]",results/riemannian_anisotropy_utility_v1/r0_scene_calibration/witnesses/saddle_T23.npz
,False,T24,8.401674875058234,joint_margin_interior_gate,,,,,True,saddle/T24,,,,,0.9273506622017745,0.0,,,"[7.69320150778691, -4.57927293122991, 19.950340227283803]",,saddle,10.492518643848598,"[[0.9826977298498571, -0.0201478614428064, -0.18411745008884695, -0.2782140534302474], [0.034096991998051954, 0.9967552832031988, 0.07291296553560292, 0.44898440771774684], [0.1820510007789639, -0.07792925693083899, 0.9801961354900279, 0.45210784150333233], [0.0, 0.0, 0.0, 1.0]]","[-0.04872158192946982, 0.008454404698874138, 0.008707218871123426]",
22.62395588318081,True,T25,10.624010759405792,,1.0,0.9875,0.7708333333333334,0.22083333333333333,True,saddle/T25,2.7397748756467917,1.056078654084715,240,0.07604347531333389,0.8079200797397428,0.9555912073079726,1.3114541764833296,1.9655433802783002,"[-3.9261466488907626, 4.558147408830024, -14.014037174986145]",True,saddle,15.589086819440126,"[[0.8618718020470455, 0.49997622840038475, 0.08485733834327361, -0.26558163160476733], [-0.49909311980029497, 0.8065952735506022, 0.3167177330902669, 0.48652430661745816], [0.0899058096242226, -0.3153217970904571, 0.94471641759602, 0.4821243325313497], [0.0, 0.0, 0.0, 1.0]]","[-0.036089160103989756, 0.045994303598585445, 0.03872370989914074]",results/riemannian_anisotropy_utility_v1/r0_scene_calibration/witnesses/saddle_T25.npz
21.566627427454527,True,T26,6.373591681942344,,1.0,0.9916666666666667,0.42916666666666664,0.0875,True,saddle/T26,2.0735127292386597,0.7680088110016421,240,0.09763206825586775,0.9109926513722524,1.0451552581347934,1.0678283425488062,1.2515742464427857,"[8.892337298650336, 0.8967959288781718, -0.5922817482500911]",True,saddle,8.993372692726552,"[[0.9451556211156462, 0.32232644910599517, -0.052787423504251675, -0.20634705115139618], [-0.31520660122621386, 0.942487257106809, 0.11118708888491652, 0.45419929458400166], [0.08559001353496544, -0.08845015770479991, 0.9923965533923829, 0.3932852607580245], [0.0, 0.0, 0.0, 1.0]]","[0.023145420349381413, 0.013669291565128985, -0.0501153618741844]",results/riemannian_anisotropy_utility_v1/r0_scene_calibration/witnesses/saddle_T26.npz
,False,T27,3.325451514683664,continuous_lift_not_found_under_budget,,,,,False,saddle/T27,,,,,,,,,"[5.915322962994074, -9.016035539183937, -7.668985264365737]",,saddle,3.4506222121417522,"[[0.8687970696736278, 0.4533110915941855, -0.19925036001022775, -0.2886089077169252], [-0.41948472868376363, 0.8875982047786839, 0.19026820353061316, 0.4977726430443533], [0.2631049488847115, -0.0817219744704295, 0.9612997996260209, 0.46582332471676796], [0.0, 0.0, 0.0, 1.0]]","[-0.05911643621614763, 0.05724264002548063, 0.022422702084559057]",
22.708546798521645,True,T28,5.690789834596217,,1.0,0.9333333333333333,0.7916666666666666,0.42083333333333334,True,saddle/T28,5.0625557578821665,1.2928929224989671,240,0.08017820722352413,0.2980489378601108,1.0075498196895492,1.609424695605728,2.108377950408318,"[7.277338459598013, -7.932767425161569, 4.757261578138255]",True,saddle,8.477402927353978,"[[0.9447104993441754, 0.24677944305544247, -0.21592123312477784, -0.21237081179856715], [-0.22489369764576436, 0.9668357740440334, 0.12104301213986085, 0.4235039781557428], [0.23863129968236474, -0.06579127992310663, 0.9688790483326518, 0.4844582974953475], [0.0, 0.0, 0.0, 1.0]]","[0.017121659702210426, -0.0170260248631299, 0.04105767486313858]",results/riemannian_anisotropy_utility_v1/r0_scene_calibration/witnesses/saddle_T28.npz
,False,T29,6.962360326200724,joint_margin_interior_gate,,,,,True,saddle/T29,,,,,0.6133140337725399,0.0,,,"[4.0738002572809595, 0.019848709015178656, -17.24042888829252]",,saddle,9.376398772001266,"[[0.816703326350423, 0.5769928244667469, -0.008657785053937666, -0.25794568224213815], [-0.5632688027303926, 0.800358454679258, 0.20531585397650234, 0.40088010393323503], [0.12539510596041897, -0.16280548067345862, 0.9786574696306464, 0.4525685501640433], [0.0, 0.0, 0.0, 1.0]]","[-0.02845321074136055, -0.03964989908563764, 0.009167927531834347]",
24.32627791402598,True,T30,9.351567700505257,,1.0,1.0,0.475,0.125,True,saddle/T30,2.2411286932914622,0.8052710953455673,240,0.12041605163689037,0.7975527473396427,1.5131938629687864,1.127284614473034,1.5655768156939205,"[-2.042516728662309, 6.152713402282831, -6.18260057215343]",True,saddle,13.62255228124559,"[[0.922413069318473, 0.38073253359651893, 0.06478323403203771, -0.27780488688126725], [-0.382390417056673, 0.87684471986808, 0.2914119183950656, 0.45812247502529135], [0.05414516131380497, -0.2935746499625677, 0.9544015016782287, 0.49773645120274385], [0.0, 0.0, 0.0, 1.0]]","[-0.04831241538048968, 0.01759247200641867, 0.05433582857053493]",results/riemannian_anisotropy_utility_v1/r0_scene_calibration/witnesses/saddle_T30.npz
24.938281030684752,True,T31,10.220119968056679,,0.9708333333333333,0.9,0.37083333333333335,0.23333333333333334,True,saddle/T31,2.071070879870571,0.7488826605859868,240,0.08403508445717313,0.587959776827173,1.0560168046209313,1.1133646097355634,1.6981334785271658,"[2.8851867225645993, -6.243999199833114, 10.589222093958842]",True,saddle,13.442540111020207,"[[0.9650520427348521, 0.1549615556373914, -0.21133260772471618, -0.23593824384460316], [-0.11789660291264353, 0.9769462107516291, 0.17797890976093805, 0.4701476115352139], [0.23404047905212377, -0.14684351389310088, 0.96107337731964, 0.47382585798295473], [0.0, 0.0, 0.0, 1.0]]","[-0.006445772343825554, 0.029617608516341237, 0.030425235350745844]",results/riemannian_anisotropy_utility_v1/r0_scene_calibration/witnesses/saddle_T31.npz
20.892164069412473,True,T32,15.296804969199002,,0.9958333333333333,0.9916666666666667,0.8333333333333334,0.5125,True,saddle/T32,2.896112862593422,1.3947161824875094,240,0.08373771099528317,0.746307323951949,1.0522798966969065,1.5828471693763229,1.8629675618820916,"[-4.461493040402322, -2.7627051619128284, 8.31396272184362]",True,saddle,20.068452994339168,"[[0.9674579365197177, 0.19427968251683353, -0.16211275713579107, -0.19409108445102907], [-0.13549991379333926, 0.9388602152026447, 0.3165142487655828, 0.3997526660603021], [0.2136935058138344, -0.2842479573731392, 0.9346326467132373, 0.49791910749348395], [0.0, 0.0, 0.0, 1.0]]","[0.03540138704974853, -0.04077733695857061, 0.05451848486127504]",results/riemannian_anisotropy_utility_v1/r0_scene_calibration/witnesses/saddle_T32.npz
24.631384086571504,True,T33,5.017401901073754,,1.0,1.0,0.3458333333333333,0.17083333333333334,True,saddle/T33,1.658011534273979,0.742671092826648,240,0.01316844937516948,0.9491509845892158,0.16547973885914224,1.1824109831505523,1.4843224389719685,"[4.595120532627202, -7.607673959493346, -18.33335476935542]",True,saddle,7.480226860381663,"[[0.7820413575892942, 0.6094135825799459, -0.13048524969117803, -0.25894877642454966], [-0.5720599012251614, 0.785006725083036, 0.23772234010430204, 0.39336262552781204], [0.24730302147396496, -0.11126332253479651, 0.962528798856619, 0.4182908705842495], [0.0, 0.0, 0.0, 1.0]]","[-0.029456304923772065, -0.047167377491060654, -0.025109752047959413]",results/riemannian_anisotropy_utility_v1/r0_scene_calibration/witnesses/saddle_T33.npz
23.891360557220857,True,T34,6.526709116064012,,0.975,0.9458333333333333,0.8458333333333333,0.3,True,saddle/T34,2.9128347346263026,1.1919741608264522,240,0.08389003600715841,0.8664471962751866,1.0541940706796353,1.4526411804499642,1.7874642718437939,"[6.884218781040865, -1.3304470508841515, -8.666836458044461]",True,saddle,8.992928106337786,"[[0.887828801160231, 0.45490975425241453, -0.06940558562821031, -0.17963115758700238], [-0.4405291155606172, 0.8838025733346225, 0.15756620738749588, 0.39402913606710516], [0.1330192398631395, -0.10931663575644267, 0.9850663708467191, 0.43614921152719194], [0.0, 0.0, 0.0, 1.0]]","[0.049861313913775226, -0.04650086695176754, -0.007251411105016994]",results/riemannian_anisotropy_utility_v1/r0_scene_calibration/witnesses/saddle_T34.npz
22.29843699726214,True,T35,6.480176808312535,,1.0,0.9625,0.8458333333333333,0.5458333333333333,True,saddle/T35,4.5620691326737495,1.4579418559279178,240,0.09511897705747752,0.4185227274380608,1.1953012109155443,1.7757234854825892,2.137882874009802,"[-2.6973187456687087, 7.776735395859504, 3.243411837210168]",True,saddle,8.963443767279387,"[[0.9740618232202036, 0.2223324065898163, 0.042093533053346344, -0.17991163140133132], [-0.22426631066487607, 0.9237601317327954, 0.3104381434710847, 0.4797660158247049], [0.03013613189674296, -0.31182610538726396, 0.9496611467009236, 0.4117990492325354], [0.0, 0.0, 0.0, 1.0]]","[0.049580840099446286, 0.03923601280583221, -0.03160157339967353]",results/riemannian_anisotropy_utility_v1/r0_scene_calibration/witnesses/saddle_T35.npz
