R_G0,R_q,anchor_id,anisotropy_level,expensive_direction_wins,maximum_relative_paired_length_mismatch,mean_sign_asymmetry,min_sigma_min_5,minimum_absolute_joint_margin_rad,surface_id,valid_probe_lengths
1.6093238289618288,1.6711805829613995,A00,P_high,True,1.1782845966284983e-08,0.04764708728089413,0.6710343297926029,1.6164049851316291,hemisphere,2
1.8455775423706688,1.6385189172295456,A01,P_high,True,9.452492824926773e-09,0.04734329102894155,0.5903050841433646,1.9145293215194101,hemisphere,2
3.776102433534815,3.4953097663161885,A02,P_high,True,1.7234995331946723e-08,0.047014780325756025,0.7031122136262017,2.2487566102393295,hemisphere,2
4.108496118058275,3.3762407455008807,A03,P_high,True,2.223165575243602e-08,0.0029385059596056338,0.6983926643323798,2.007036562869792,hemisphere,2
3.7378105591634236,2.5907990833473016,A04,P_high,True,1.685764245210053e-08,0.018218444101939787,0.6606848781447165,1.817617751902001,hemisphere,2
1.8029761389050545,1.7903386578980927,A05,P_high,True,7.599341945649374e-09,0.04432558550216646,0.5714284468872236,1.621325666413994,hemisphere,2
1.8632927128995083,1.6996249702832646,A06,P_high,True,9.438710013229268e-09,0.011372304688651733,0.6034032198377461,1.5900751163997349,hemisphere,2
1.875804450199722,1.7295050680268667,A07,P_high,True,2.3630592057774513e-08,0.04156992367234644,0.6395044952470083,1.5629474276336068,hemisphere,2
1.6136559810701512,1.64249939733237,A08,P_high,True,1.1333818215539249e-08,0.036172085827757314,0.5796340612529335,1.2375759320605981,hemisphere,2
1.2392768036185735,1.307598546613862,A09,P_high,True,2.275639160616294e-08,0.059324621759973495,0.6027242000169944,1.0745242166416449,hemisphere,2
1.4690214408413615,1.4493045949356802,A10,P_high,True,1.4279225588401112e-08,0.020083470070664324,0.5241156862026937,0.6391736607786069,hemisphere,2
1.1253848807368205,1.0430108585309559,A11,P_high,True,0.0002606595080820173,0.050646444204947905,0.5854130025911233,0.7462322188798458,hemisphere,2
1.6360931696941505,1.701933150849128,A12,P_high,True,5.188776491804603e-09,0.04365998889470106,0.5579005505149086,1.163199985987847,hemisphere,2
1.9711144922199293,1.8944388354934831,A13,P_high,True,1.2034070788480289e-08,0.038432253557296084,0.580833049061103,1.4509531262124709,hemisphere,2
1.5777279946282734,1.506059874657837,A14,P_high,True,1.152180803022651e-08,0.06113808105434469,0.6670687042605141,1.568085046464957,hemisphere,2
1.1407863057952234,1.1453044032109923,A00,P_low,True,1.3386047695643222e-08,0.019082914225766988,1.0232390501147095,1.52741282146616,hemisphere,2
1.2193021560507216,0.9902537083896187,A01,P_low,False,9.004919206134776e-09,0.035443666660362735,1.0655070669136626,2.1543202367179077,hemisphere,2
2.605606416017279,2.2954693054181883,A02,P_low,True,7.440710374229109e-09,0.02113212120652242,1.058688281009014,1.956181491255797,hemisphere,2
2.3206120747634227,1.885907699957968,A03,P_low,True,1.8256505682212598e-08,0.0044947041585276515,1.0086637621313634,1.7089891552613177,hemisphere,2
2.02425879815516,1.4028856488839927,A04,P_low,True,2.4758168605532038e-08,0.012865139641074282,0.8867620510410992,1.522301387947622,hemisphere,2
1.2387041251694413,1.01463471484241,A05,P_low,True,7.582942303588358e-09,0.05574770844812344,0.7084551468224978,1.3219218945339015,hemisphere,2
1.2189643381911346,0.8054960277703805,A06,P_low,False,1.0144829637806496e-08,0.018913469447511638,0.8041910547232851,1.3192461305415402,hemisphere,2
1.1735964993548795,1.0219505197930618,A07,P_low,True,8.841641611564977e-09,0.07754078303856826,0.8976044205655475,1.3235702491990717,hemisphere,2
1.2986463435734836,1.2452431190487165,A08,P_low,True,6.050580175775977e-09,0.0755493238832459,0.7511114042074193,1.0173093518743657,hemisphere,2
1.5226486702688071,1.3325717880622114,A09,P_low,True,3.0829692097833483e-09,0.0301291118958268,0.7611609106334174,0.9076721331852711,hemisphere,2
1.6665019222318618,1.621339057591893,A10,P_low,True,1.0457673789432409e-08,0.03452378169794805,0.5407230097145596,0.5797959271800863,hemisphere,2
1.3636996320451664,1.2319175532652107,A11,P_low,True,6.4263095712890905e-09,0.05605869298543811,0.5154269576416453,0.7427267676502867,hemisphere,2
1.1209501674133333,0.9936366970905778,A12,P_low,False,6.422074894443797e-09,0.048063562569431256,0.7420907756819477,1.1687392835211532,hemisphere,2
1.203969367331329,0.9355785096592457,A13,P_low,False,1.6164190862547057e-08,0.06774794941756575,0.911631483919096,1.4478548621967315,hemisphere,2
1.1578196791938096,1.1160458681991354,A14,P_low,True,1.2947631682080907e-08,0.027734932682710718,1.0128826388637646,1.4868941972042693,hemisphere,2
1.556498223750012,1.4638047718123182,A00,P_mid,True,9.756440447206138e-09,0.007733433986730109,0.7223834705205981,1.6731157042258447,hemisphere,2
1.5234129654928672,1.332900646507305,A01,P_mid,True,2.325448752830972e-08,0.033621822413287435,0.7496957364937363,2.174993502555362,hemisphere,2
3.3718048126265945,2.6482134641049617,A02,P_mid,True,1.7225852905547456e-08,0.006150994413866738,0.65865238236162,2.0963574630224824,hemisphere,2
3.7605594964135354,2.864739678667942,A03,P_mid,True,1.2105002547210808e-08,0.02802781629421078,0.5131199647749647,1.8554822226136976,hemisphere,2
4.022810856932688,3.2072775772985396,A04,P_mid,True,1.892494754657248e-08,0.09870751948042122,0.39721495412092195,1.64121004257167,hemisphere,2
2.892766773603475,3.202948748543646,A05,P_mid,True,2.0662569745477644e-08,0.07189889111610151,0.3180944841851961,1.3741764328950015,hemisphere,2
2.187583588699631,2.224243286856265,A06,P_mid,True,1.7667130779164264e-08,0.033417424613641784,0.47235454678862077,1.4248818627010449,hemisphere,2
1.8281752624483527,1.8794311497924006,A07,P_mid,True,1.912969500687811e-08,0.056460595349040535,0.5785352706323401,1.4629986139302633,hemisphere,2
1.3244350932283717,1.3712420039621716,A08,P_mid,True,1.2136336423676508e-08,0.07315820632565169,0.615309759938607,1.1818476399329163,hemisphere,2
1.0873990830378064,0.9771298965842675,A09,P_mid,False,1.1746103005180752e-08,0.06064816424540008,0.6809740647362355,1.0739659127878767,hemisphere,2
1.6610667505216616,1.763276578611907,A10,P_mid,True,1.591149542852499e-08,0.02533283566341253,0.47836632993074457,0.6170336532882983,hemisphere,2
2.1055595070412694,2.008122192240449,A11,P_mid,True,2.4003136934666602e-08,0.07948892884900899,0.3342090558502618,0.7262267061784655,hemisphere,2
1.6719346515064593,1.4977382314405951,A12,P_mid,True,3.932416892116208e-09,0.0589028452323848,0.6047469832097074,1.2917927833588638,hemisphere,2
1.8020506022568505,1.453626664098281,A13,P_mid,True,1.1939490195123081e-08,0.04817468615198022,0.6861388719030062,1.5662272289630697,hemisphere,2
1.5272192229808164,1.399152128729093,A14,P_mid,True,1.1717686499920776e-08,0.04013598817567332,0.7199901596943867,1.6326568955880618,hemisphere,2
2.596615473854469,2.018294074136981,A00,P_high,True,3.6306255311174818e-09,0.09037821349467264,0.9692932868602351,1.1486766815967284,saddle,2
1.2483492494669841,1.3343442879293248,A01,P_high,True,1.9268533166597046e-08,0.05227332720304072,0.8318861093802729,1.440286492209161,saddle,2
1.666123175757398,1.601307496878447,A02,P_high,True,9.777743502012437e-09,0.05912218453783971,0.906048544912025,1.3985936864886108,saddle,2
1.795468960950272,1.6573458897329112,A03,P_high,True,5.914050933003567e-09,0.058237739015323094,0.897696497776497,1.4464495542362377,saddle,2
1.3053979191978173,1.454909997834746,A04,P_high,True,2.978995305644161e-09,0.03992131390299526,0.815273162018023,1.562023717452,saddle,2
2.5317857846879197,1.935144069430086,A05,P_high,True,1.0195498958975868e-09,0.03136261972078674,0.984380419820196,1.2281273541861868,saddle,2
1.4276735016440172,1.4265056117540686,A06,P_high,True,9.48797182313832e-09,0.02830792228908594,0.7662268856341112,1.6433215868544515,saddle,2
2.0635781942662565,1.9002632802026764,A07,P_high,True,8.421561625143736e-09,0.028685090211244352,0.8758953481458442,1.5093324600290794,saddle,2
2.2270333704083938,1.8192172015209709,A08,P_high,True,6.258707527934115e-09,0.05501543049920986,0.9114765158483111,1.4572828734327095,saddle,2
3.4454233752226857,2.797204209291984,A09,P_high,True,1.1432661674998235e-08,0.06270525779265297,0.8016394656665954,1.4869930030990277,saddle,2
2.1850134091810642,1.8240605158006142,A10,P_high,True,8.36657804668961e-09,0.03946612707183688,0.9665757191947727,1.3114268943949163,saddle,2
3.116209925937924,2.417360040818155,A11,P_high,True,1.9197167726997533e-09,0.06654846112317453,0.7771678402068574,1.3968448279118277,saddle,2
1.9951573633802426,1.7019786534345405,A12,P_high,True,8.829384489164593e-09,0.06551876247463476,0.9556069479960249,1.1995594549445059,saddle,2
8.518328520074098,6.903271234378325,A13,P_high,True,1.269568217915351e-10,0.13660557668386075,0.3557105727384441,1.3990416520714444,saddle,2
2.6304099309363935,2.1173562624181796,A14,P_high,True,2.6245455461704204e-10,0.06744932277941909,0.9454070788954061,1.1302188049204673,saddle,2
1.571744482410761,1.2474315337083788,A00,P_low,True,3.137509783229797e-10,0.08040657706065533,0.6986994721631744,1.1504013005068936,saddle,2
1.3751110544873328,1.2152350610967584,A01,P_low,True,2.2822553525855827e-08,0.04055458402229978,0.8135931636624968,1.2411690918241556,saddle,2
1.1714480981319684,1.0359317652237436,A02,P_low,True,1.0529776269668778e-08,0.054991799640922476,0.7642510191376555,1.2906177686845435,saddle,2
1.1153048636271048,0.9783990102451786,A03,P_low,False,5.942318252044609e-09,0.03218306678995428,0.7530742263507866,1.3325526947883808,saddle,2
1.3550222660968179,1.256630213976115,A04,P_low,True,2.2321063834068733e-08,0.047971286417286825,0.7666819339591335,1.3820246878797828,saddle,2
1.5896001891291343,1.1793790918321538,A05,P_low,True,3.995518759597472e-09,0.04821092823129211,0.705488158050413,1.2207890206873868,saddle,2
1.3227080756067398,1.1042080158815635,A06,P_low,True,4.200458340528068e-09,0.044876600252863545,0.7368149021253049,1.489750389563999,saddle,2
1.0726197489283693,0.9620848327805575,A07,P_low,False,3.8249282213742575e-09,0.06348631959562963,0.7172300514446749,1.4156216708951577,saddle,2
1.050494914696634,0.8910779679465944,A08,P_low,False,4.802182523161447e-09,0.10012981334512752,0.6928619048969253,1.4259912029952047,saddle,2
1.6674851743410521,1.322326355132293,A09,P_low,True,1.9022841678609237e-08,0.06882388336718126,0.6285926731861862,1.4277924733597036,saddle,2
1.1635439561198633,1.2049188370152286,A10,P_low,True,7.663816413081004e-09,0.05535979995094191,0.6943630084888958,1.2433866604003656,saddle,2
1.1203254772027105,0.9541129746003606,A11,P_low,False,1.1204643549783677e-08,0.04660431929153339,0.6317485117230589,1.2390316894997007,saddle,2
1.574590542036743,1.6651752786698457,A12,P_low,True,9.345512861844152e-09,0.061589769803680514,0.6939283710895872,1.1304064730158903,saddle,2
2.189864551271586,1.5188107722946982,A13,P_low,True,5.702363494591856e-10,0.08488557429549873,0.588448076915224,1.2674308843783884,saddle,2
1.4949441088936781,1.4611833601517896,A14,P_low,True,1.2956476169723175e-10,0.059900109773800864,0.6899634777350999,1.1053491363025243,saddle,2
2.118406676965294,1.7297297393276962,A00,P_mid,True,5.652023770882919e-09,0.056379398268224405,0.9243335336617976,0.9824937777593492,saddle,2
1.346877611020459,1.2299519097647844,A01,P_mid,True,1.9641044650062223e-08,0.023343016436274403,0.8672536542573861,1.3299585070677375,saddle,2
1.3600828215771428,1.2047599962654547,A02,P_mid,True,1.505322624363592e-08,0.05733327770068718,0.934255305291676,1.2624888659236557,saddle,2
1.4372899944709852,1.3111953764729662,A03,P_mid,True,1.1581426139287143e-08,0.0414656967779514,0.9548371552683809,1.3072295773421336,saddle,2
1.1626546272079148,0.9921643761937551,A04,P_mid,False,9.894277020958131e-09,0.06890218924211658,0.8906749596999136,1.4214823509008285,saddle,2
2.114629388127602,1.7236788417624092,A05,P_mid,True,1.0679152007142534e-08,0.04765867347688524,0.9368426730625453,1.0673988281209672,saddle,2
1.522818837270198,1.428765096496636,A06,P_mid,True,4.646450325190843e-10,0.06810637992156653,0.817413528887211,1.4935273208324364,saddle,2
1.6246648982031757,1.6216367550508768,A07,P_mid,True,1.3249099950832233e-08,0.05132629724611015,0.9663374214973554,1.3607472282607214,saddle,2
1.8296711814879267,1.691926337531924,A08,P_mid,True,1.0699310361295122e-08,0.08154623530389256,1.012030858528361,1.304574528908466,saddle,2
2.9005218113809406,2.235734911663402,A09,P_mid,True,8.165308706953311e-09,0.0492450155668733,0.8672811404382289,1.325881399410231,saddle,2
1.8968305558246308,1.714969338221662,A10,P_mid,True,1.09824911751627e-08,0.04953782103505559,0.9599168136169197,1.1515537929069186,saddle,2
2.681004107515456,2.086575205939267,A11,P_mid,True,2.567312031367952e-09,0.055845501358237154,0.8833087425252288,1.230919679594603,saddle,2
1.7781572931750158,1.5044048797580714,A12,P_mid,True,9.916957012523486e-09,0.05254897802838962,0.9307223367437554,1.0302103721305604,saddle,2
9.03559400527097,7.101856955207611,A13,P_mid,True,7.560009476076379e-10,0.18660025094143723,0.3107010587438895,1.2286769888535956,saddle,2
2.109541609778826,1.7593989445229075,A14,P_mid,True,8.054668043655511e-11,0.06439737998509723,0.9249459037849643,0.9541708063732086,saddle,2
