R_G0,R_q,anchor_id,anisotropy_level,cbar_q_max,cbar_q_min,expensive_direction_wins,failure_count,kappa_R,mean_sign_asymmetry,min_joint_limit_margin,min_sigma_min_5,minimum_absolute_joint_margin_rad,paired_strict_pass,probe_length_requested,relative_paired_length_mismatch,sign_asymmetry_max,sign_asymmetry_min,surface_id
1.6093238289618288,1.725896414624173,A00,P_high,13.4055312476086,7.767286109420278,True,0,2.5899231864643615,0.05149874649421407,0.16248630184690266,0.6764556555872969,1.6403102851890339,True,0.004,1.1782845966284983e-08,0.07343026573034656,0.029567227258081582,hemisphere
1.6093238289618288,1.618199398991953,A00,P_high,13.002216361824852,8.034990230452749,True,0,2.5899231864643615,0.04379542806757419,0.1615489229553229,0.6710343297926029,1.6164049851316291,True,0.008,4.641081572873129e-09,0.060428518978869555,0.027162337156278814,hemisphere
1.8455775423706688,1.5965372320149782,A01,P_high,9.503184291603514,5.9523724853003355,True,0,3.4061564649029576,0.07225931987722806,0.15291989831598096,0.5934534847258076,1.9216495517999768,True,0.004,5.614070406473326e-09,0.1396898970900567,0.004828742664399419,hemisphere
1.8455775423706688,1.681604530281255,A01,P_high,10.00278697602086,5.948358722813296,True,0,3.4061564649029576,0.02242726218065505,0.15235328881662102,0.5903050841433646,1.9145293215194101,True,0.008,9.452492824926773e-09,0.033375910524635656,0.01147861383667444,hemisphere
3.776102433534815,3.4072348147389504,A02,P_high,6.91592013313195,2.029775025547167,True,0,14.258949588547553,0.07364793872158064,0.18086414716740712,0.7071718691222728,2.2639233435438553,True,0.004,1.7234995331946723e-08,0.1472486994196346,4.717802352669356e-05,hemisphere
3.776102433534815,3.5856614019252335,A02,P_high,7.278235621087132,2.029816763283689,True,0,14.258949588547553,0.02038162192993142,0.1802008503343179,0.7031122136262017,2.2487566102393295,True,0.008,1.1039693248102167e-08,0.040459596620418384,0.0003036472394444527,hemisphere
4.108496118058275,3.377418098351224,A03,P_high,8.941572934601568,2.647458109781147,True,0,16.879740352099915,0.0016003885724322972,0.1906103915945035,0.7016672899700389,2.026904140846099,True,0.004,2.223165575243602e-08,0.0015172413633105764,0.001683535781554018,hemisphere
4.108496118058275,3.3750638030704776,A03,P_high,8.934746858828518,2.647282356766144,True,0,16.879740352099915,0.00427662334677897,0.19003565257674374,0.6983926643323798,2.007036562869792,True,0.008,1.7098434213630442e-09,0.005539392527752194,0.0030138541658057466,hemisphere
3.7378105591634236,2.6342289748149157,A04,P_high,9.082198496120162,3.4477634947274423,True,0,13.971227776193585,0.002704870251623656,0.19679576890638453,0.668442412697644,1.8362065586822576,True,0.004,1.685764245210053e-08,0.005284828855657444,0.0001249116475898685,hemisphere
3.7378105591634236,2.548085209921749,A04,P_high,9.073752554808681,3.5610082894705606,True,0,13.971227776193585,0.033732017952255916,0.19617396175330024,0.6606848781447165,1.817617751902001,True,0.008,1.0397247949753274e-08,0.007195221127762391,0.060268814776749446,hemisphere
1.8029761389050545,1.8571060576088227,A05,P_high,12.598880660273972,6.784147092006188,True,0,3.2507229574609786,0.04836102364485231,0.20150272509225664,0.5787783182127126,1.6431550421333727,True,0.004,6.31160705297229e-09,0.026738695452155452,0.06998335183754918,hemisphere
1.8029761389050545,1.7259717057255461,A05,P_high,12.594965669562766,7.297318738066002,True,0,3.2507229574609786,0.04029014735948061,0.2009480027032566,0.5714284468872236,1.621325666413994,True,0.008,7.599341945649374e-09,0.051711228576656366,0.02886906614230486,hemisphere
1.8632927128995083,1.6931012366742426,A06,P_high,12.238505429384753,7.22845460406422,True,0,3.471859733944409,0.00844732261286247,0.19690732803139468,0.6090586261485529,1.6135280748789418,True,0.004,5.725226499483926e-09,0.01433757201782497,0.002557073207899969,hemisphere
1.8632927128995083,1.7061738406645484,A06,P_high,12.297110310040043,7.207419324428491,True,0,3.471859733944409,0.014297286764440996,0.1962281167947623,0.6034032198377461,1.5900751163997349,True,0.008,9.438710013229268e-09,0.019571328665329228,0.009023244863552764,hemisphere
1.875804450199722,1.7559032716669407,A07,P_high,12.376322559604024,7.048407938698551,True,0,3.518642335389081,0.04042132700121537,0.19156555640603165,0.6447313468130812,1.5858107911055952,True,0.004,2.3630592057774513e-08,0.04934121310753975,0.03150144089489099,hemisphere
1.875804450199722,1.7035037342865575,A07,P_high,11.824255289226617,6.941138461418589,True,0,3.518642335389081,0.0427185203434775,0.1907663616705857,0.6395044952470083,1.5629474276336068,True,0.008,5.992507922172874e-09,0.0435358694998,0.041901171187155,hemisphere
1.6136559810701512,1.6375832896243454,A08,P_high,13.783099570721848,8.416731935438614,True,0,2.603885625243472,0.034401050440937705,0.19576251856680646,0.5901330528958061,1.258884024643674,True,0.004,1.1333818215539249e-08,0.06146512220947289,0.0073369786724025235,hemisphere
1.6136559810701512,1.6474302634439213,A08,P_high,13.77397875681472,8.360887293657264,True,0,2.603885625243472,0.03794312121457692,0.1948756422152276,0.5796340612529335,1.2375759320605981,True,0.008,1.0394223459372909e-08,0.06132008875240231,0.014566153676751528,hemisphere
1.2392768036185735,1.2781149801861047,A09,P_high,11.99261714731909,9.383050299256222,True,0,1.5358069959870684,0.09615070461210146,0.17415915735842435,0.6143023068687767,1.0942419856829804,True,0.004,2.275639160616294e-08,0.07492058906076506,0.11738082016343784,hemisphere
1.2392768036185735,1.3377622401841502,A09,P_high,12.77736764281307,9.55129937069699,True,0,1.5358069959870684,0.02249853890784554,0.17102088439306778,0.6027242000169944,1.0745242166416449,True,0.008,1.1267265549383398e-08,0.04482904998896391,0.00016802782672717246,hemisphere
1.4690214408413615,1.4619581726236077,A10,P_high,14.679619957609795,10.041066996647363,True,0,2.15802399365163,0.027480744611821057,0.10276397243731927,0.5355061764504024,0.645666038823677,True,0.004,1.4279225588401112e-08,0.05297303272011251,0.001988456503529608,hemisphere
1.4690214408413615,1.436760536816303,A10,P_high,14.42278398100013,10.038404877794994,True,0,2.15802399365163,0.01268619552950759,0.10173064790364586,0.5241156862026937,0.6391736607786069,True,0.008,7.360187763080783e-09,0.012636987170992226,0.012735403888022953,hemisphere
1.1253848807368205,1.0404044027748631,A11,P_high,13.081498706040211,12.573474959497037,True,0,1.2664911297910277,0.07022607112148697,0.12044222485546785,0.5898627123823793,0.7567384987669046,True,0.004,1.6934511085087145e-08,0.13901784783469615,0.0014342944082777896,hemisphere
1.1253848807368205,1.0456238440668058,A11,P_high,13.13974297447632,12.56641482406441,True,0,1.2664911297910277,0.03106681728840884,0.11877004916120416,0.5854130025911233,0.7462322188798458,True,0.008,0.0002606595080820173,0.05986345702120157,0.002270177555616107,hemisphere
1.6360931696941505,1.698743111056122,A12,P_high,14.59462779830293,8.591427216578577,True,0,2.6768008599198523,0.03913536395954302,0.15137829807475348,0.5697248336884453,1.1840551781692688,True,0.004,5.188776491804603e-09,0.073356765901346,0.004913962017740036,hemisphere
1.6360931696941505,1.7051291811617222,A12,P_high,14.64191745718965,8.586984270138384,True,0,2.6768008599198523,0.048184613829859106,0.1505276685746687,0.5579005505149086,1.163199985987847,True,0.008,3.871281550535399e-09,0.08632821620869773,0.01004101145102049,hemisphere
1.9711144922199293,1.8967744974789693,A13,P_high,13.650173127665354,7.196518693080279,True,0,3.8852923414394294,0.03615917716696366,0.15184382524007226,0.5897423864522522,1.473100964403549,True,0.004,7.361822089435588e-09,0.07157565135053616,0.0007427029833911568,hemisphere
1.9711144922199293,1.8921060496099888,A13,P_high,13.631214267968963,7.204254894052425,True,0,3.8852923414394294,0.040705329947628516,0.1510774078861816,0.580833049061103,1.4509531262124709,True,0.008,1.2034070788480289e-08,0.0802336530130236,0.0011770068822334302,hemisphere
1.5777279946282734,1.479338830693948,A14,P_high,12.226684098758648,8.264965297384368,True,0,2.489225625033753,0.09834807970528082,0.16181789284142556,0.6730741750581194,1.593004152521487,True,0.004,1.152180803022651e-08,0.13962188200246864,0.05707427740809302,hemisphere
1.5777279946282734,1.5332635762629003,A14,P_high,12.88393151838805,8.402946315199568,True,0,2.489225625033753,0.02392808240340856,0.1608617746362138,0.6670687042605141,1.568085046464957,True,0.008,8.376270163590327e-09,0.030828570345791582,0.017027594461025534,hemisphere
1.1407863057952234,1.1440794439098556,A00,P_low,8.133840036859285,7.1095063198252575,True,0,1.301393395489913,0.005533265072181041,0.24666722110585268,1.02876341039208,1.5498101502080726,True,0.004,1.3386047695643222e-08,0.009436477051691731,0.0016300530926703508,hemisphere
1.1407863057952234,1.1465306740690298,A00,P_low,8.03433744984667,7.007520715806809,True,0,1.301393395489913,0.032632563379352934,0.2431024703909215,1.0232390501147095,1.52741282146616,True,0.008,7.968644841205297e-09,0.04027332387746104,0.024991802881244828,hemisphere
1.2193021560507216,0.9695569568096513,A01,P_low,5.195288203543602,5.358414652233339,False,0,1.486697747749938,0.008814096614057609,0.25642182675183417,1.0714342393882714,2.1677798979724496,True,0.004,9.004919206134776e-09,0.014585431428225909,0.0030427617998893077,hemisphere
1.2193021560507216,1.0113922653972656,A01,P_low,5.190271036212939,5.131808116185513,True,0,1.486697747749938,0.06207323670666787,0.2562078569031126,1.0655070669136626,2.1543202367179077,True,0.008,6.8353263587422886e-09,0.02807684039267715,0.09606963302065859,hemisphere
2.605606416017279,2.257903345523555,A02,P_low,6.755154106156818,2.9917817870943697,True,0,6.789184795190411,0.03717623826141374,0.2676974763776695,1.0612706287341198,1.9732904024388207,True,0.004,7.440710374229109e-09,0.07195751554216835,0.0023949609806591192,hemisphere
2.605606416017279,2.333660270517586,A02,P_low,6.9807499189608375,2.991330832149174,True,0,6.789184795190411,0.005088004151631107,0.2670948125976651,1.058688281009014,1.956181491255797,True,0.008,2.703670837558847e-09,0.004692248534718428,0.005483759768543785,hemisphere
2.3206120747634227,1.8864040448811266,A03,P_low,7.527157523791063,3.990214898137262,True,0,5.385240401537797,0.0022132748345143173,0.27125423398255594,1.0154493109550689,1.7292159046397235,True,0.004,1.8256505682212598e-08,0.0026753730774164565,0.0017511765916121784,hemisphere
2.3206120747634227,1.8854114856315838,A03,P_low,7.521588588274037,3.9893618160252275,True,0,5.385240401537797,0.0067761334825409865,0.27063067650983186,1.0086637621313634,1.7089891552613177,True,0.008,1.2014965845158487e-08,0.006833006631922972,0.006719260333159002,hemisphere
2.02425879815516,1.4032759888208604,A04,P_low,7.488486313075219,5.33643158775033,True,0,4.097623681908573,0.007935793213798118,0.24540849516531604,0.9039506808409852,1.5419015751236809,True,0.004,2.4758168605532038e-08,0.008086059542600601,0.007785526884995633,hemisphere
2.02425879815516,1.4024954175253859,A04,P_low,7.481858009750864,5.334675547783341,True,0,4.097623681908573,0.017794486068350445,0.2422889364869683,0.8867620510410992,1.522301387947622,True,0.008,9.571487699644443e-09,0.014945156244399115,0.020643815892301774,hemisphere
1.2387041251694413,1.0476608675820571,A05,P_low,10.7225713734337,10.234773203069803,True,0,1.5343879097117907,0.05904904732717886,0.2140102390202183,0.7242760285130976,1.3446263317640317,True,0.004,5.597919697231113e-09,0.07526511214577078,0.04283298250858695,hemisphere
1.2387041251694413,0.9826496688182403,A05,P_low,10.060570190697906,10.23820646354769,False,0,1.5343879097117907,0.05244636956906802,0.21039660902974716,0.7084551468224978,1.3219218945339015,True,0.008,7.582942303588358e-09,0.022521194584144675,0.08237154455399137,hemisphere
1.2189643381911346,0.7953661011716521,A06,P_low,7.58831009662822,9.540650633022826,False,0,1.4858740577817506,0.01096265200110414,0.21294479829648288,0.8211666350592561,1.3379321676968021,True,0.004,1.0144829637806496e-08,0.0026285392686653123,0.019296764733542967,hemisphere
1.2189643381911346,0.8157549709474425,A06,P_low,7.773276656756412,9.528935689755336,False,0,1.4858740577817506,0.026864286893919134,0.2099707354037148,0.8041910547232851,1.3192461305415402,True,0.008,7.518346188672975e-09,0.015282977972072353,0.03844559581576591,hemisphere
1.1735964993548795,1.063630397443655,A07,P_low,7.821155576059255,7.353264437399246,True,0,1.3773287432980277,0.14118711321862024,0.21349944421545802,0.9121082092788197,1.3414170080057228,True,0.004,8.841641611564977e-09,0.0592102789655807,0.2231639474716598,hemisphere
1.1735964993548795,0.9819039277322221,A07,P_low,7.78612247306336,7.929617402637314,False,0,1.3773287432980277,0.013894452858516277,0.21065896056009417,0.8976044205655475,1.3235702491990717,True,0.008,9.303447769115625e-10,0.00968373552743803,0.018105170189594524,hemisphere
1.2986463435734836,1.2828117827167138,A08,P_low,9.952249502679742,7.7581525495525625,True,0,1.6864823256767785,0.10771462353841119,0.16534861479171042,0.7671957615886312,1.0388853467363166,True,0.004,5.894337535422567e-09,0.06003066642054539,0.15539858065627699,hemisphere
1.2986463435734836,1.2087746982291365,A08,P_low,10.388989808643057,8.594645324610948,True,0,1.6864823256767785,0.0433840242280806,0.16191458727906502,0.7511114042074193,1.0173093518743657,True,0.008,6.050580175775977e-09,0.04517768005706971,0.04159036839909149,hemisphere
1.5226486702688071,1.2920421911916933,A09,P_low,10.048240749319884,7.77702215749786,True,0,2.3184589730713667,0.044607405079481244,0.14741241949016554,0.7726667581581316,0.9261922316567102,True,0.004,3.0829692097833483e-09,0.07466218135652196,0.014552628802440534,hemisphere
1.5226486702688071,1.3743727429686243,A09,P_low,10.704508860230433,7.788650433439807,True,0,2.3184589730713667,0.01565081871217236,0.1444647673380982,0.7611609106334174,0.9076721331852711,True,0.008,1.9460468392989982e-09,0.009683890616077329,0.02161774680826739,hemisphere
1.6665019222318618,1.6428806550185258,A10,P_low,15.20401370194714,9.254484588094254,True,0,2.77722865680249,0.04128271499946172,0.09376834946392149,0.5463574246612735,0.5891465396818187,True,0.004,8.852440048362498e-09,0.0722554123499317,0.010310017648991735,hemisphere
1.6665019222318618,1.6000799155087286,A10,P_low,14.916100035048888,9.322096909332476,True,0,2.77722865680249,0.02776484839643438,0.09228010937133317,0.5407230097145596,0.5797959271800863,True,0.008,1.0457673789432409e-08,0.04190828396311005,0.013621412829758709,hemisphere
1.3636996320451664,1.2327297287349301,A11,P_low,13.239586034241132,10.740055768613654,True,0,1.8596766864401222,0.08071272492600504,0.1202741967190509,0.5218399550438921,0.7556827779857969,True,0.004,5.827228239871363e-09,0.1502204944791085,0.011204955372901563,hemisphere
1.3636996320451664,1.2311059128916915,A11,P_low,13.241724580163485,10.755958883391738,True,0,1.8596766864401222,0.03140466104487119,0.11821212281557959,0.5154269576416453,0.7427267676502867,True,0.008,6.4263095712890905e-09,0.03529501015004784,0.02751431193969455,hemisphere
1.1209501674133333,1.0232738872232543,A12,P_low,9.058946056824055,8.852904554621558,True,0,1.2565292778239798,0.0389601775057618,0.18912722427293577,0.7584653596953349,1.1882863501068555,True,0.004,5.504002201922598e-09,0.058255028970702526,0.019665326040821073,hemisphere
1.1209501674133333,0.9648578920392834,A12,P_low,8.546233467070172,8.857504859090916,False,0,1.2565292778239798,0.05716694763310072,0.18601612024847256,0.7420907756819477,1.1687392835211532,True,0.008,6.422074894443797e-09,0.07525183739952125,0.039082057866680196,hemisphere
1.203969367331329,0.9263449362998858,A13,P_low,6.761786045733423,7.299425711487269,False,0,1.4495422374722005,0.06492278473629967,0.23339725192002977,0.9260385935228881,1.4664349338135472,True,0.004,1.6164190862547057e-08,0.0653261472761847,0.06451942219641466,hemisphere
1.203969367331329,0.9449041209557084,A13,P_low,7.156167666625409,7.573432592703073,False,0,1.4495422374722005,0.07057311409883182,0.2304400544639076,0.911631483919096,1.4478548621967315,True,0.008,1.0984700562349792e-09,0.02558688555354216,0.1155593426441215,hemisphere
1.1578196791938096,1.094220511319644,A14,P_low,8.02794108716289,7.336675746903237,True,0,1.3405464095284563,0.0301779000966405,0.24043221225074426,1.0191114515170558,1.5106355895714263,True,0.004,1.2947631682080907e-08,0.057988994252408804,0.002366805940872198,hemisphere
1.1578196791938096,1.138306554336294,A14,P_low,8.19986681756475,7.203566373511572,True,0,1.3405464095284563,0.025291965268780938,0.23665354085695833,1.0128826388637646,1.4868941972042693,True,0.008,6.631871267426259e-09,0.007699891438021724,0.04288403909954015,hemisphere
1.556498223750012,1.4758968277938478,A00,P_mid,11.505894463454911,7.7958663822414875,True,0,2.4226867205369422,0.00488864364644137,0.26980308100436895,0.7232997717033954,1.6951727579504503,True,0.004,9.756440447206138e-09,0.001973447934158773,0.007803839358723966,hemisphere
1.556498223750012,1.4518117863180384,A00,P_mid,11.37618981013696,7.8358571802122405,True,0,2.4226867205369422,0.010578224327018847,0.266292488337712,0.7223834705205981,1.6731157042258447,True,0.008,6.004757671998484e-09,0.020018312035168087,0.001138136618869605,hemisphere
1.5234129654928672,1.321617662040101,A01,P_mid,6.682281450408832,5.056138127038798,True,0,2.3207870634317715,0.03959157247137,0.3478713935736343,0.7524742352938613,2.1856759658231444,True,0.004,2.325448752830972e-08,0.06346773257368593,0.015715412369054067,hemisphere
1.5234129654928672,1.3442799566685004,A01,P_mid,6.791149985776247,5.051886664000113,True,0,2.3207870634317715,0.027652072355204872,0.34617117659642876,0.7496957364937363,2.174993502555362,True,0.008,4.825558572521538e-09,0.023509015036945163,0.03179512967346458,hemisphere
3.3718048126265945,2.6492895420669837,A02,P_mid,7.728446914287108,2.9171771494094036,True,0,11.369067694451864,0.003684609802200876,0.3272089802294401,0.6669146712250312,2.1094182311699408,True,0.004,1.7225852905547456e-08,0.0037828715842609766,0.0035863480201407754,hemisphere
3.3718048126265945,2.6471378232200364,A02,P_mid,7.7212769096922,2.9168397814284828,True,0,11.369067694451864,0.008617379025532598,0.32565130670473835,0.65865238236162,2.0963574630224824,True,0.008,1.104240223565034e-08,0.011540290840423044,0.005694467210642155,hemisphere
3.7605594964135354,2.864543926424169,A03,P_mid,11.485376977842805,4.0094958474524365,True,0,14.141807726066022,0.017661609086145738,0.29861719273380566,0.5251738547203557,1.876211821946501,True,0.004,1.2105002547210808e-08,0.023633372388638905,0.01168984578365257,hemisphere
3.7605594964135354,2.8649354442886934,A03,P_mid,11.488376838530463,4.009995011033416,True,0,14.141807726066022,0.038394023502275824,0.295317877226436,0.5131199647749647,1.8554822226136976,True,0.008,3.3295811854155977e-09,0.054951984131371666,0.02183606287317998,hemisphere
4.022810856932688,3.1262928798205283,A04,P_mid,14.7944457570377,4.732264802358187,True,0,16.183007190655506,0.12787182934969407,0.2649030969379149,0.4098572038744237,1.6643861580609194,True,0.004,1.892494754657248e-08,0.17582268364089707,0.07992097505849109,hemisphere
4.022810856932688,3.2903601336393407,A04,P_mid,15.572715612327059,4.732830140116814,True,0,16.183007190655506,0.06954320961114839,0.26121439480688685,0.39721495412092195,1.64121004257167,True,0.008,1.3797643583224328e-09,0.10981600674321622,0.029270412479080552,hemisphere
2.892766773603475,3.0447605374914204,A05,P_mid,22.548266334806755,7.40559595973491,True,0,8.36809960646426,0.1106111662395057,0.22329112857031536,0.3311859253736202,1.4029381608072915,True,0.004,2.0662569745477644e-08,0.1594053698653838,0.06181696261362759,hemisphere
2.892766773603475,3.369355507428379,A05,P_mid,25.056694101117237,7.436643015518854,True,0,8.36809960646426,0.0331866159926973,0.21871342239296537,0.3180944841851961,1.3741764328950015,True,0.008,4.532205990712135e-09,0.035160186997177,0.031213044988217614,hemisphere
2.187583588699631,2.156663240720006,A06,P_mid,15.790373950750809,7.3216687949293195,True,0,4.785521957547957,0.037140874714973716,0.23070817512671568,0.4847692222273151,1.4495394643211548,True,0.004,1.7667130779164264e-08,0.07416108467752952,0.00012066475241790668,hemisphere
2.187583588699631,2.2939409851829757,A06,P_mid,16.867283222121472,7.352971733392721,True,0,4.785521957547957,0.029693974512309856,0.22678368020070744,0.47235454678862077,1.4248818627010449,True,0.008,7.933451421845983e-09,0.04580264122115755,0.013585307803462161,hemisphere
1.8281752624483527,1.7902720532269674,A07,P_mid,12.724528986958433,7.107595163552073,True,0,3.3422247902281033,0.07428619998480777,0.23644474735693757,0.587934438097754,1.485582347643639,True,0.004,1.912969500687811e-08,0.13282207069686605,0.015750329272749507,hemisphere
1.8281752624483527,1.9730305460798987,A07,P_mid,13.814149740380635,7.001488024514966,True,0,3.3422247902281033,0.038634990713273296,0.23285032849439172,0.5785352706323401,1.4629986139302633,True,0.008,4.2017858376680595e-09,0.03587082151456759,0.041399159911979004,hemisphere
1.3244350932283717,1.3070963494914132,A08,P_mid,11.677522393267804,8.933941555120622,True,0,1.7541283161748458,0.10322067367137469,0.19142256382173067,0.6253187264583243,1.202707968491934,True,0.004,1.2136336423676508e-08,0.14204148022526075,0.06439986711748864,hemisphere
1.3244350932283717,1.438535601573528,A08,P_mid,12.959309653865052,9.008681912140123,True,0,1.7541283161748458,0.04309573897992868,0.18810244149815633,0.615309759938607,1.1818476399329163,True,0.008,8.976889110529074e-09,0.06889112492954565,0.017300353030311712,hemisphere
1.0873990830378064,0.9840749042775649,A09,P_mid,10.84396174485772,11.019447501121427,False,0,1.182436765791462,0.05945193958243843,0.17403737580110307,0.6854619309453273,1.0934768321583306,True,0.004,1.1746103005180752e-08,0.04469703943270749,0.07420683973216938,hemisphere
1.0873990830378064,0.9702339025703659,A09,P_mid,10.643279448739598,10.969807817004929,False,0,1.182436765791462,0.061844388908361726,0.17093202495430154,0.6809740647362355,1.0739659127878767,True,0.008,7.970926436257075e-09,0.03531968285343978,0.08836909496328367,hemisphere
1.6610667505216616,1.7922014640998634,A10,P_mid,15.767939829582776,8.798084448336423,True,0,2.759142749688592,0.024971902988397156,0.09969644288317385,0.4866478755391205,0.6263927506349813,True,0.004,1.591149542852499e-08,0.04851992009039322,0.001423885886401091,hemisphere
1.6610667505216616,1.734818520663851,A10,P_mid,15.265357790355608,8.799397521139053,True,0,2.759142749688592,0.025693768338427903,0.0982068523457422,0.47836632993074457,0.6170336532882983,True,0.008,6.896678107076726e-09,0.03241237036456318,0.01897516631229262,hemisphere
2.1055595070412694,1.8578057838658781,A11,P_mid,18.41925672403293,9.91452221970404,True,0,4.433380837691874,0.0629881113997012,0.11854786883445965,0.3468654265450333,0.74483625988691,True,0.004,2.4003136934666602e-08,0.05823758191736947,0.06773864088203295,hemisphere
2.1055595070412694,2.1706008098313205,A11,P_mid,19.667147615419257,9.06069302395018,True,0,4.433380837691874,0.09598974629831676,0.1155859790193324,0.3342090558502618,0.7262267061784655,True,0.008,6.605653524172084e-09,0.08895358839034911,0.10302590420628441,hemisphere
1.6719346515064593,1.5116327482974365,A12,P_mid,12.003188568985607,7.940545468140254,True,0,2.7953654789080256,0.04548675070350503,0.20886817728961485,0.6135780241667349,1.3123187579106501,True,0.004,2.649040275332082e-09,0.07574900817791771,0.015224493229092351,hemisphere
1.6719346515064593,1.4839714292015418,A12,P_mid,11.99149514232796,8.080677906838169,True,0,2.7953654789080256,0.07231893976126458,0.20560127062849973,0.6047469832097074,1.2917927833588638,True,0.008,3.932416892116208e-09,0.07812992537810245,0.06650795414442669,hemisphere
1.8020506022568505,1.4064266859412895,A13,P_mid,9.428119783300417,6.703598472315953,True,0,3.2473863730942774,0.06841671778777211,0.20993430782113623,0.6894725122772253,1.5874014259491325,True,0.004,1.1939490195123081e-08,0.13396932232961234,0.0028641132459318996,hemisphere
1.8020506022568505,1.5024106835425215,A13,P_mid,10.082062631994742,6.710590348187841,True,0,3.2473863730942774,0.02793265451618833,0.208796616335921,0.6861388719030062,1.5662272289630697,True,0.008,6.1950863276122314e-09,0.05020455264601028,0.00566075638636638,hemisphere
1.5272192229808164,1.3979814706968705,A14,P_mid,11.204544984312701,8.014802212455235,True,0,2.3323985550421282,0.039206592874887196,0.19982892712970526,0.7214631197408599,1.6557145274446887,True,0.004,1.1717686499920776e-08,0.07073270018308302,0.007680485566691371,hemisphere
1.5272192229808164,1.4003237670605952,A14,P_mid,11.258836795210222,8.040166895719786,True,0,2.3323985550421282,0.04106538347645944,0.198808479814162,0.7199901596943867,1.6326568955880618,True,0.008,7.444958061500473e-09,0.0626823282689203,0.019448438683998582,hemisphere
2.596615473854469,2.084379488731557,A00,P_high,5.420502647043826,2.60053539979059,True,0,6.742411919060467,0.13073689276594225,0.09210267755491745,0.97110551112718,1.1573972451725636,True,0.004,3.572754071756723e-10,0.12372570313874505,0.13774808239313943,saddle
2.596615473854469,1.9543039027770204,A00,P_high,5.447194437963247,2.787281154288701,True,0,6.742411919060467,0.050019534223403016,0.09140871767340542,0.9692932868602351,1.1486766815967284,True,0.008,3.6306255311174818e-09,0.09042201714457919,0.009617051302226847,saddle
1.2483492494669841,1.382990252767997,A01,P_high,3.4941094917656614,2.5264888778300123,True,0,1.5583758486447825,0.06935562795648462,0.115200039050017,0.835797636415232,1.4476474667173527,True,0.004,1.9268533166597046e-08,0.06467851691718048,0.07403273899578877,saddle
1.2483492494669841,1.2874094196731116,A01,P_high,3.494769942208891,2.714575401426109,True,0,1.5583758486447825,0.03519102644959681,0.11461427174804206,0.8318861093802729,1.440286492209161,True,0.008,1.209100116035533e-08,0.06484174871328376,0.005540304185909867,saddle
1.666123175757398,1.6368114011987338,A02,P_high,3.498846754209513,2.1375992076100525,True,0,2.7759664367959176,0.07262276595605982,0.11193882926287292,0.9134653043874853,1.4066658652723811,True,0.004,9.777743502012437e-09,0.07581534532982862,0.06943018658229103,saddle
1.666123175757398,1.5665737040206422,A02,P_high,3.72318128202053,2.3766397153641172,True,0,2.7759664367959176,0.0456216031196196,0.11129646616516536,0.906048544912025,1.3985936864886108,True,0.008,1.6532634636301502e-09,0.014938941368334445,0.07630426487090476,saddle
1.795468960950272,1.6637252910215843,A03,P_high,3.533431220470815,2.1238068805825314,True,0,3.2237087897358494,0.07056053312824401,0.11567742195931685,0.9044997377628432,1.4536464417611201,True,0.004,3.9653154891572395e-10,0.07544698340145549,0.06567408285503251,saddle
1.795468960950272,1.6509909496705126,A03,P_high,3.7515854628232335,2.2723234573587066,True,0,3.2237087897358494,0.04591494490240218,0.11510471227483472,0.897696497776497,1.4464495542362377,True,0.008,5.914050933003567e-09,0.020076356537309943,0.07175353326749441,saddle
1.3053979191978173,1.5073062763272516,A04,P_high,2.755166741375482,1.827874523344257,True,0,1.7040637274459913,0.07390712981239203,0.12472266366063492,0.8188031500618751,1.5673123861717295,True,0.004,2.996017062911749e-10,0.07047343152692792,0.07734082809785614,saddle
1.3053979191978173,1.4043350943626862,A04,P_high,2.75743272639735,1.963514788932,True,0,1.7040637274459913,0.005935497993598495,0.12430180509040789,0.815273162018023,1.562023717452,True,0.008,2.978995305644161e-09,0.006052737489820723,0.005818258497376266,saddle
2.5317857846879197,1.9279469677930405,A05,P_high,4.991392010847701,2.588967484184198,True,0,6.409939259547825,0.036055611756167005,0.09828049337819415,0.9868628745582751,1.2350300263778715,True,0.004,1.0195498958975868e-09,0.0007819310398294686,0.07132929247250454,saddle
2.5317857846879197,1.9423680381297836,A05,P_high,5.155631573663225,2.6543021057056437,True,0,6.409939259547825,0.026669627685406472,0.0977311965885312,0.984380419820196,1.2281273541861868,True,0.008,3.7757926125980834e-10,0.010898519962525416,0.04244073540828753,saddle
1.4276735016440172,1.4783910624139043,A06,P_high,2.9591713272555547,2.001616082840656,True,0,2.0382516272964897,0.04420839731600384,0.1311942167706009,0.7699057910141823,1.6486363817417438,True,0.004,4.787360178420963e-09,0.004480887274123102,0.08393590735788457,saddle
1.4276735016440172,1.3764411271827175,A06,P_high,2.9593057158410483,2.1499689724457145,True,0,2.0382516272964897,0.012407447262168041,0.13077127914757086,0.7662268856341112,1.6433215868544515,True,0.008,9.48797182313832e-09,0.007864144833241573,0.01695074969109451,saddle
2.0635781942662565,1.8530122859309124,A07,P_high,3.8611431160399627,2.083711557314478,True,0,4.2583549638511835,0.03626472391844601,0.12049225621534074,0.8796538431088265,1.5141514786593335,True,0.004,8.421561625143736e-09,0.07056866367224324,0.001960784164648794,saddle
2.0635781942662565,1.9487191539437356,A07,P_high,3.981919536909025,2.043352182817408,True,0,4.2583549638511835,0.021105456504042695,0.12010877118383173,0.8758953481458442,1.5093324600290794,True,0.008,5.087434380018907e-10,0.0038507108347214597,0.03836020217336393,saddle
2.2270333704083938,1.7556653310306525,A08,P_high,4.014427727759147,2.2865563594643072,True,0,4.9596776329125705,0.07218505053970684,0.1164067620986739,0.9164483401328251,1.4628116071015338,True,0.004,4.404868397117623e-10,0.07703444200544897,0.06733565907396472,saddle
2.2270333704083938,1.8850695333642784,A08,P_high,4.311384547101685,2.2871222895460885,True,0,4.9596776329125705,0.03784581045871288,0.11596679978105941,0.9114765158483111,1.4572828734327095,True,0.008,6.258707527934115e-09,0.005237862410825316,0.07045375850660045,saddle
3.4454233752226857,2.918165016683031,A09,P_high,5.165723374168776,1.770195771876006,True,0,11.870942234530883,0.10181809115924251,0.11877335041845556,0.8083303393384161,1.4925510552314716,True,0.004,7.487018166899007e-09,0.05950023891705386,0.14413594340143115,saddle
3.4454233752226857,2.6812573462258964,A09,P_high,5.172145363494582,1.9289999786013932,True,0,11.870942234530883,0.023592424426063435,0.11833105501337916,0.8016394656665954,1.4869930030990277,True,0.008,1.1432661674998235e-08,0.01561603862723979,0.03156881022488708,saddle
2.1850134091810642,1.7710831155777587,A10,P_high,4.891681175613858,2.761971548702899,True,0,4.774283598301056,0.07020687921464926,0.10486381661617336,0.9712903970682412,1.3177585678491486,True,0.004,6.752626019110308e-09,0.1341959342371799,0.00621782419211862,saddle
2.1850134091810642,1.8786225988142924,A10,P_high,5.1259132034641155,2.7285486753429753,True,0,4.774283598301056,0.0087253749290245,0.10435995842835537,0.9665757191947727,1.3114268943949163,True,0.008,8.36657804668961e-09,0.00681268331773757,0.01063806654031143,saddle
3.116209925937924,2.2917641654946874,A11,P_high,5.936223994594432,2.5902420868480034,True,0,9.710764302514042,0.06274895945733994,0.11149740062302825,0.7912024305426967,1.4011187052412097,True,0.004,1.9197167726997533e-09,0.05526249574538684,0.07023542316929303,saddle
3.116209925937924,2.549838964640142,A11,P_high,6.283557865532416,2.4642959624782472,True,0,9.710764302514042,0.07034796278900912,0.11115729652547732,0.7771678402068574,1.3968448279118277,True,0.008,1.692248771667515e-09,0.1161816672570021,0.024514258321016134,saddle
1.9951573633802426,1.6778390054858536,A12,P_high,5.31578113853595,3.168230754652562,True,0,3.980652904650402,0.04396557296649159,0.09601935333373068,0.958737995463063,1.2066156813459266,True,0.004,8.829384489164593e-09,0.08129040111157575,0.006640744821407437,saddle
1.9951573633802426,1.7264656068166937,A12,P_high,5.274414416416626,3.055035904330432,True,0,3.980652904650402,0.08707195198277792,0.09545783709743823,0.9556069479960249,1.1995594549445059,True,0.008,1.0215868949392526e-09,0.1136414065615276,0.06050249740402824,saddle
8.518328520074098,6.878436302169649,A13,P_high,12.528871972035674,1.821470959625478,True,0,72.56192077590777,0.11606363558422234,0.11169470329858198,0.4203206259333357,1.4035980856372348,True,0.004,1.8903932239022758e-11,0.17382445629693047,0.05830281487151419,saddle
8.518328520074098,6.9281958343298875,A13,P_high,12.850234387253014,1.8547735506520828,True,0,72.56192077590777,0.15714751778349917,0.11133211410696194,0.3557105727384441,1.3990416520714444,True,0.008,1.269568217915351e-10,0.29743842523644903,0.01685661033054933,saddle
2.6304099309363935,2.134478560548394,A14,P_high,5.827075176072599,2.729975968732849,True,0,6.919056404768802,0.07296874555914118,0.0905359412545562,0.9487593474721848,1.13770904146243,True,0.004,1.3242640491128999e-10,0.08270236302892106,0.0632351280893613,saddle
2.6304099309363935,2.1003713154418624,A14,P_high,5.833133093627515,2.7771913712316043,True,0,6.919056404768802,0.06192989999969699,0.08993988761444961,0.9454070788954061,1.1302188049204673,True,0.008,2.6245455461704204e-10,0.09957326008841312,0.02428653991098086,saddle
1.571744482410761,1.2697751482744004,A00,P_low,3.6338379511684877,2.8617964023841562,True,0,2.4703807179886708,0.12246529751506594,0.09227483283803374,0.6998854081000792,1.1595606138792105,True,0.004,3.137509783229797e-10,0.10488064539121254,0.14004994963891934,saddle
1.571744482410761,1.2254810888405936,A00,P_low,3.88497539048314,3.1701634777233876,True,0,2.4703807179886708,0.03834785660624474,0.09154595838315359,0.6986994721631744,1.1504013005068936,True,0.008,2.7491008601499e-10,0.005987551382570548,0.07070816182991893,saddle
1.3751110544873328,1.2151390624540597,A01,P_low,3.4440235381201996,2.8342628794804354,True,0,1.8909304121732642,0.07005043043172066,0.10428611485208747,0.8162218785307185,1.2448710433457097,True,0.004,2.2822553525855827e-08,0.06871507937853255,0.07138578148490876,saddle
1.3751110544873328,1.21533106732356,A01,P_low,3.7002305740762527,3.0446276521384545,True,0,1.8909304121732642,0.011058737612878893,0.10356873647221043,0.8135931636624968,1.2411690918241556,True,0.008,6.218343982095087e-10,0.013565745993238546,0.00855172923251924,saddle
1.1714480981319684,1.0439723049747376,A02,P_low,4.469956494038122,4.28168110661354,True,0,1.372290646617006,0.06416443043519945,0.11479301344005427,0.7674701566974576,1.2936615751932399,True,0.004,1.0529776269668778e-08,0.06284742474506552,0.06548143612533337,saddle
1.1714480981319684,1.0279531526706065,A02,P_low,4.476912243002253,4.3551714699948185,True,0,1.372290646617006,0.04581916884664549,0.11420794950819879,0.7642510191376555,1.2906177686845435,True,0.008,8.393479054152886e-10,0.06455509692886333,0.027083240764427655,saddle
1.1153048636271048,1.0263445934003093,A03,P_low,4.326829905388182,4.215767231796165,True,0,1.243904938830275,0.033439597230501536,0.11938163944179368,0.755592133938221,1.3360905219545036,True,0.004,3.987355150919525e-10,0.06412105639583135,0.0027581380651717263,saddle
1.1153048636271048,0.9326932001242386,A03,P_low,4.072211059839857,4.366077783452717,False,0,1.243904938830275,0.030926536349407025,0.11883280125873615,0.7530742263507866,1.3325526947883808,True,0.008,5.942318252044609e-09,0.05613502585548562,0.00571804684332843,saddle
1.3550222660968179,1.2202682662612652,A04,P_low,3.795622246666351,3.110481810934589,True,0,1.8360853416181557,0.07235720338528637,0.12224756960915298,0.768833518616464,1.3874006658917415,True,0.004,2.2321063834068733e-08,0.07380008022652285,0.07091432654404987,saddle
1.3550222660968179,1.2940756867470318,A04,P_low,4.094492917474865,3.1640289354074413,True,0,1.8360853416181557,0.023585369449287283,0.1214735100081516,0.7666819339591335,1.3820246878797828,True,0.008,4.257881373870287e-09,0.010585214434956273,0.03658552446361829,saddle
1.5896001891291343,1.2078622194513151,A05,P_low,3.6922276449947944,3.0568284904813314,True,0,2.5268287612793796,0.04750108968984977,0.09805688217207878,0.7068728798858144,1.2322200429895673,True,0.004,6.283027483705572e-10,0.028979611667639495,0.06602256771206004,saddle
1.5896001891291343,1.1515676373110537,A05,P_low,3.792327250453492,3.2931867200685616,True,0,2.5268287612793796,0.04892076677273444,0.09714723099949124,0.705488158050413,1.2207890206873868,True,0.008,3.995518759597472e-09,0.012793551228987366,0.08504798231648152,saddle
1.3227080756067398,1.134637823339766,A06,P_low,3.083319429495618,2.7174481284432925,True,0,1.7495566532752846,0.07201784205067482,0.13639505995504211,0.7399974915402976,1.4922256798131448,True,0.004,1.2950931559813084e-09,0.06831871551037223,0.07571696859097743,saddle
1.3227080756067398,1.0745943042408066,A06,P_low,3.136436191730608,2.9187165606153833,True,0,1.7495566532752846,0.017735358455052266,0.13585692120783252,0.7368149021253049,1.489750389563999,True,0.008,4.200458340528068e-09,0.03327583839930588,0.0021948785107986507,saddle
1.0726197489283693,0.9725170948077289,A07,P_low,4.091747706355217,4.207378696170039,False,0,1.150513125791158,0.10646183210935482,0.13012401456225825,0.7203374439197816,1.4211224635279212,True,0.004,3.8249282213742575e-09,0.06841511913789275,0.1445085450808169,saddle
1.0726197489283693,0.9517644783913951,A07,P_low,4.143977120892588,4.3539943073904634,False,0,1.150513125791158,0.020510807081904423,0.12953657563775184,0.7172300514446749,1.4156216708951577,True,0.008,1.6189638605418333e-09,0.03915552712465704,0.0018660870391518105,saddle
1.050494914696634,0.8691465577944948,A08,P_low,3.831259997574147,4.408071300766779,False,0,1.1035395658034883,0.14595292554352896,0.12001293499702374,0.6965826747073006,1.4303817881789085,True,0.004,5.128102803508838e-10,0.14447487620529245,0.14743097488176543,saddle
1.050494914696634,0.9135627793023763,A08,P_low,4.242037210647759,4.64339978242886,False,0,1.1035395658034883,0.05430670114672609,0.11871436576048554,0.6928619048969253,1.4259912029952047,True,0.008,4.802182523161447e-09,0.06599926139303289,0.04261414090041928,saddle
1.6674851743410521,1.3905075000831255,A09,P_low,4.056380527825221,2.917194281643736,True,0,2.780506806647209,0.10675116564252563,0.11462866595362577,0.6313840573653182,1.4404673752663237,True,0.004,1.9022841678609237e-08,0.06662426646001271,0.14687806482503854,saddle
1.6674851743410521,1.2574883554191012,A09,P_low,4.060178549572491,3.2288001173730927,True,0,2.780506806647209,0.030896601091836885,0.1136200300611396,0.6285926731861862,1.4277924733597036,True,0.008,1.1066391726599623e-08,0.004800101468595333,0.05699310071507844,saddle
1.1635439561198633,1.2501869854524577,A10,P_low,4.643187655567221,3.7139945540920793,True,0,1.3538345378230623,0.06867669229871272,0.09982351234819463,0.6963105571924144,1.254420189102106,True,0.004,7.663816413081004e-09,0.06584283045854582,0.07151055413887962,saddle
1.1635439561198633,1.161289807595219,A10,P_low,4.355911654424138,3.7509255880272407,True,0,1.3538345378230623,0.0420429076031711,0.09894549268766069,0.6943630084888958,1.2433866604003656,True,0.008,5.052848113876185e-09,0.060134237975546435,0.023951577230795773,saddle
1.1203254772027105,0.9126012042416666,A11,P_low,3.858926914382079,4.228492025263856,False,0,1.2551291748694808,0.037311494495309516,0.09962035145335495,0.6349290469283015,1.2518671920964106,True,0.004,6.000421513829846e-10,0.00021544142332440705,0.07440754756729462,saddle
1.1203254772027105,0.9975130035656657,A11,P_low,4.216835717889923,4.227349120078244,False,0,1.2551291748694808,0.05589714408775727,0.09859893537356826,0.6317485117230589,1.2390316894997007,True,0.008,1.1204643549783677e-08,0.10332006301466674,0.008474225160847792,saddle
1.574590542036743,1.743974167490548,A12,P_low,4.770727719957075,2.7355495332948685,True,0,2.479335375071564,0.06549019523733515,0.09017581965027277,0.6948622228819592,1.1331836165367948,True,0.004,9.345512861844152e-09,0.06441022370716547,0.06657016676750482,saddle
1.574590542036743,1.589936800889126,A12,P_low,4.516123411024367,2.840442090842137,True,0,2.479335375071564,0.05768934437002587,0.08995482175581912,0.6939283710895872,1.1304064730158903,True,0.008,5.483200699041291e-09,0.04478980666024217,0.07058888207980957,saddle
2.189864551271586,1.5649853486088157,A13,P_low,3.7285908162061716,2.382508449373459,True,0,4.795506752915906,0.07065974767393486,0.10106312349103472,0.5902696607296164,1.2699976137752689,True,0.004,3.0815497722991303e-10,0.07160973764470688,0.06970975770316284,saddle
2.189864551271586,1.4739985675195115,A13,P_low,3.6943863883014383,2.5063704061249266,True,0,4.795506752915906,0.09911140091706261,0.10085886980804244,0.588448076915224,1.2674308843783884,True,0.008,5.702363494591856e-10,0.09681071012188104,0.10141209171224418,saddle
1.4949441088936781,1.4764600481409424,A14,P_low,3.7008358008504136,2.5065600694785157,True,0,2.2348578887159136,0.0710816272416243,0.0881370482408321,0.6906952141889325,1.1075636402726277,True,0.004,1.1487208753657718e-10,0.06723848499441779,0.07492476948883081,saddle
1.4949441088936781,1.4460647375272981,A14,P_low,3.8934325019040292,2.6924330570162534,True,0,2.2348578887159136,0.048718592305977436,0.08796082374578233,0.6899634777350999,1.1053491363025243,True,0.008,1.2956476169723175e-10,0.09706945110388233,0.00036773350807253974,saddle
2.118406676965294,1.7814754461679423,A00,P_mid,5.17322226879522,2.9038975978721027,True,0,4.487646849011139,0.06707879586807636,0.07881488441633201,0.9253917893300314,0.9904177872317064,True,0.004,5.652023770882919e-09,0.06996764082873375,0.06418995090741896,saddle
2.118406676965294,1.679487066493424,A00,P_mid,4.888771888273695,2.910872007178292,True,0,4.487646849011139,0.04568000066837245,0.07818431224898094,0.9243335336617976,0.9824937777593492,True,0.008,6.191388547682752e-10,0.03527115018917275,0.05608885114757216,saddle
1.346877611020459,1.2750236849172991,A01,P_mid,3.7910870150050657,2.9733463463080407,True,0,1.8140792990681789,0.03508637559346504,0.10639849892201286,0.8708503545246333,1.337043968883604,True,0.004,1.9641044650062223e-08,0.001954642167507359,0.06821810901942271,saddle
1.346877611020459,1.1864734108309234,A01,P_mid,3.791853596443382,3.195902716258792,True,0,1.8140792990681789,0.011599657279083768,0.10583465620709684,0.8672536542573861,1.3299585070677375,True,0.008,8.259950882993916e-11,0.004020148284014858,0.019179166274152677,saddle
1.3600828215771428,1.1620608657855718,A02,P_mid,3.3909306338111973,2.918031863605418,True,0,1.8498252815492422,0.07322466882207157,0.10111924083878804,0.938904645695042,1.2707028056917293,True,0.004,1.505322624363592e-08,0.07789452388619561,0.06855481375794752,saddle
1.3600828215771428,1.2490280770451188,A02,P_mid,3.646151873254764,2.919191281817001,True,0,1.8498252815492422,0.041441886579302784,0.10046559676881135,0.934255305291676,1.2624888659236557,True,0.008,6.772534573082356e-09,0.010294837342403992,0.07258893581620157,saddle
1.4372899944709852,1.2415259530443312,A03,P_mid,3.4361686544404213,2.76769780447572,True,0,2.0658025282064045,0.07209232634651716,0.10453697626608316,0.9599954381324688,1.3136513678105821,True,0.004,3.960178539264003e-11,0.07768173071811553,0.06650292197491879,saddle
1.4372899944709852,1.3847743666319436,A03,P_mid,3.7092655936695844,2.6786064813513857,True,0,2.0658025282064045,0.01083906720938564,0.1040259467994867,0.9548371552683809,1.3072295773421336,True,0.008,1.1581426139287143e-08,0.01785221296729884,0.003825921451472438,saddle
1.1626546272079148,0.9420889068864603,A04,P_mid,2.593378778522882,2.7527962165416238,False,0,1.3517657821679754,0.07832756090862095,0.1136462707950432,0.8953505689173613,1.428122224393415,True,0.004,9.894277020958131e-09,0.0844875337966986,0.07216758802054331,saddle
1.1626546272079148,1.0449015397509407,A04,P_mid,2.926259399746912,2.800512094607886,True,0,1.3517657821679754,0.059476817575612205,0.11311788684576055,0.8906749596999136,1.4214823509008285,True,0.008,3.7136899458389827e-09,0.07746689346815788,0.04148674168306653,saddle
2.114629388127602,1.7188571158524628,A05,P_mid,4.831029983394558,2.810605918804729,True,0,4.471657449132916,0.06682374288198634,0.08558578404549616,0.9380699876907018,1.075503484913642,True,0.004,6.8678999119720086e-09,0.0625981150573361,0.07104937070663656,saddle
2.114629388127602,1.7285140935440158,A05,P_mid,4.930959293247205,2.8527157005339396,True,0,4.471657449132916,0.02849360407178414,0.08494083643188946,0.9368426730625453,1.0673988281209672,True,0.008,1.0679152007142534e-08,0.012437126912121418,0.04455008123144686,saddle
1.522818837270198,1.4404687428857663,A06,P_mid,3.7533106784002195,2.6056175789562888,True,0,2.3189772111449583,0.07342407107223045,0.11929428432560349,0.8230638661858684,1.4990973086635773,True,0.004,2.313416385540945e-10,0.08291129207654274,0.06393685006791816,saddle
1.522818837270198,1.4171565409169926,A06,P_mid,3.7566516633139706,2.650837472678334,True,0,2.3189772111449583,0.0627886887709026,0.11885103910851307,0.817413528887211,1.4935273208324364,True,0.008,4.646450325190843e-10,0.0996763973291338,0.025900980212671388,saddle
1.6246648982031757,1.6174925985672621,A07,P_mid,4.136645343590201,2.5574431359094607,True,0,2.6395360314535354,0.06155160803204671,0.10873261503673058,0.972470342792015,1.3663753589452705,True,0.004,1.3249099950832233e-08,0.05864739291469147,0.06445582314940196,saddle
1.6246648982031757,1.6257915292232374,A07,P_mid,4.184278161682676,2.5736867774688306,True,0,2.6395360314535354,0.0411009864601736,0.10828474296183319,0.9663374214973554,1.3607472282607214,True,0.008,3.3835354223271663e-09,0.03118687413214598,0.051015098788201214,saddle
1.8296711814879267,1.7223923036394786,A08,P_mid,4.283780841883402,2.4871109983664086,True,0,3.3476966323674255,0.10292316453084532,0.10438690691534777,1.0144180526517335,1.311765539322888,True,0.004,1.0699310361295122e-08,0.06253523939081924,0.14331108967087142,saddle
1.8296711814879267,1.6619992585808585,A08,P_mid,4.503786181991896,2.7098605241482305,True,0,3.3476966323674255,0.06016930607693979,0.10381466491610679,1.012030858528361,1.304574528908466,True,0.008,2.0876254284291074e-09,0.08622920959426388,0.0341094025596157,saddle
2.9005218113809406,2.2328969795693743,A09,P_mid,5.553774329661843,2.487250589918805,True,0,8.413026778296572,0.055754552214334376,0.10595789587326239,0.8780843723911292,1.331507183543847,True,0.004,4.915744677633227e-09,0.05197508826801321,0.05953401616065554,saddle
2.9005218113809406,2.238576450667486,A09,P_mid,5.569285882345325,2.487869413923615,True,0,8.413026778296572,0.04273547891941222,0.10551021053081563,0.8672811404382289,1.325881399410231,True,0.008,8.165308706953311e-09,0.027243616991486683,0.05822734084733775,saddle
1.8968305558246308,1.7199912611926802,A10,P_mid,5.108803916275836,2.9702499259986226,True,0,3.5979661575099775,0.039809094680809474,0.09221259762188845,0.9620981726356904,1.1587785425037467,True,0.004,1.09824911751627e-08,0.07430540219698424,0.005312787164634714,saddle
1.8968305558246308,1.7099620779474238,A10,P_mid,5.034334234756587,2.944120398739847,True,0,3.5979661575099775,0.05926654738930171,0.09163767074582485,0.9599168136169197,1.1515537929069186,True,0.008,2.8730893532336044e-09,0.11325957781986291,0.005273516958740508,saddle
2.681004107515456,2.1395211808834884,A11,P_mid,6.213037084967132,2.9039381056286326,True,0,7.187783024514746,0.07536814580907225,0.09844738354528712,0.8930729678816758,1.2371272316358253,True,0.004,1.446468812782431e-09,0.082265224957539,0.0684710666606055,saddle
2.681004107515456,2.0349394663354756,A11,P_mid,5.9108002910846045,2.904656570314983,True,0,7.187783024514746,0.03632285690740205,0.09795340261830399,0.8833087425252288,1.230919679594603,True,0.008,2.567312031367952e-09,0.0004624926349198715,0.07218322117988422,saddle
1.7781572931750158,1.4904296855715224,A12,P_mid,4.946984240860112,3.3191664717568568,True,0,3.161843359271499,0.041623619185210466,0.08267427951539208,0.9317799965423809,1.0389164126166328,True,0.004,9.916957012523486e-09,0.07790371553345572,0.005343522836965208,saddle
1.7781572931750158,1.5185111140429504,A12,P_mid,4.934480640022303,3.2495518764327818,True,0,3.161843359271499,0.06347433687156878,0.08198147534377923,0.9307223367437554,1.0302103721305604,True,0.008,7.699510733844006e-09,0.09552398774791644,0.031424685995221115,saddle
9.03559400527097,7.045212810249814,A13,P_mid,14.556358638545488,2.0661346975023935,True,0,81.64195902808868,0.14683185824210426,0.09820517236166561,0.4062506638941639,1.2340835138621875,True,0.004,5.020528263954827e-10,0.21273282215791856,0.08093089432629,saddle
9.03559400527097,7.158956524187994,A13,P_mid,15.035322531274764,2.1002114596554486,True,0,81.64195902808868,0.22636864364077022,0.09777493509296993,0.3107010587438895,1.2286769888535956,True,0.008,7.560009476076379e-10,0.4022768180024882,0.05046046927905221,saddle
2.109541609778826,1.7739277101569868,A14,P_mid,5.197074966749074,2.929699410518341,True,0,4.450165803388241,0.07075927438392092,0.0765917905658853,0.9256635806709052,0.9624815451313298,True,0.004,7.474554829245417e-11,0.0780331807631825,0.06348536800465934,saddle
2.109541609778826,1.744989171917485,A14,P_mid,5.200433909000681,2.980209844675525,True,0,4.450165803388241,0.05803548558627354,0.0759304434827857,0.9249459037849643,0.9541708063732086,True,0.008,8.054668043655511e-11,0.09000114968133334,0.026069821491213736,saddle
