E_NUC,L_G,L_q,L_q_over_L_G,archive_abs_error,local_pearson,local_spearman,overall_pass,placement_id,skeleton_id,surface_id
0.44476383775521366,21.664010893432668,23.5365166114594,1.0864339353981018,0.0,0.9859164831718378,0.9725632566850788,True,P_easy,S00,saddle
0.44278537539492036,21.998724154306338,23.75637437879147,1.0798978255355351,0.0,0.9490679023391468,0.9335948240475722,True,P_easy,S01,saddle
0.44815092934592615,21.869912021001614,23.759544278051443,1.0864032857212786,0.0,0.9860949205650379,0.9753457150650283,True,P_easy,S02,saddle
0.4441777910391512,21.814190765997893,23.70062555399722,1.0864774131772856,0.0,0.9861634152393236,0.9764554238919964,True,P_easy,S03,saddle
0.4413439898272677,21.79956998777739,23.68926102210682,1.086684784855341,0.0,0.9861286083727089,0.9772797358583208,True,P_easy,S04,saddle
0.4416710204428552,21.6598265968653,23.531482960759668,1.086411419570886,0.0,0.986127421701239,0.9719161794372079,True,P_easy,S05,saddle
0.4520436758849927,21.957089534581087,23.703504029485163,1.0795376132229901,0.0,0.9477447071614266,0.9338938146738605,True,P_easy,S06,saddle
0.44645440620154153,21.702999584366545,23.580475950728815,1.0865076902878754,0.0,0.9863857630135306,0.9727032156089874,True,P_easy,S07,saddle
0.4483912057736571,21.85090085094913,23.73873293911666,1.0863960758892706,0.0,0.9859246369542926,0.9747452433365138,True,P_easy,S08,saddle
0.4451780536159957,21.773890463055096,23.66219015378846,1.0867231188628115,0.0,0.9866156547226379,0.9751072417139582,True,P_easy,S09,saddle
0.4412199306917917,21.70924437940354,23.588544792531305,1.0865668274898934,0.0,0.9864364735815964,0.9758427817761358,True,P_easy,S10,saddle
0.4414699931653151,21.701779721304963,23.581529152782686,1.086617293863339,0.0,0.9864140594633865,0.9744917293492055,True,P_easy,S11,saddle
0.44647273356874406,21.78823988517976,23.674312463260584,1.0865637879893053,0.0,0.9862701590094098,0.9753172345512976,True,P_easy,S12,saddle
0.4475181320334628,21.720842503813763,23.59528534672483,1.0862969676513214,0.0,0.9861217357167337,0.9739230554858107,True,P_easy,S13,saddle
0.44551932977489483,21.853935235829482,23.73970709118378,1.0862898070761453,0.0,0.9858010693547858,0.9759764898418543,True,P_easy,S14,saddle
0.44901983528066636,21.790391797239643,23.67116179814539,1.0863118946371584,0.0,0.9860735184097693,0.9752866597778098,True,P_easy,S15,saddle
0.44065287130751946,21.75130919472961,23.637891750323654,1.0867342070633232,0.0,0.9862819541465427,0.9768291143021424,True,P_easy,S16,saddle
0.44931851237886583,21.8066145123793,23.688069147197144,1.086279079852114,0.0,0.9859040910104941,0.9745716755880182,True,P_easy,S17,saddle
0.4462441559917947,21.767112770170055,23.65052459335646,1.0865255692416615,0.0,0.9862801448151864,0.9753523458835343,True,P_easy,S18,saddle
0.4467274107517488,21.732439481043457,23.607831861239575,1.08629460957809,0.0,0.9858549912039385,0.9743635379063388,True,P_easy,S19,saddle
0.44476383775521366,22.825328029422245,23.84415957058962,1.0446360087291664,0.0,0.5698660844600575,0.9723342430373376,True,P_mid,S00,saddle
0.44278537539492036,22.675567711166146,23.700237336149016,1.0451882677441537,7.105427357601002e-15,0.5667219020552116,0.9856510115697102,True,P_mid,S01,saddle
0.44815092934592615,22.67576269689831,23.702352640861996,1.0452725651474606,0.0,0.5644743032981723,0.9838947281180409,True,P_mid,S02,saddle
0.4441777910391512,22.709533058708107,23.734330500120954,1.0451263105570496,0.0,0.5683609848917526,0.9851550428074234,True,P_mid,S03,saddle
0.4413439898272677,22.727223532667,23.751852502426594,1.0450837722560717,0.0,0.5718054507157173,0.9851274379771094,True,P_mid,S04,saddle
0.4416710204428552,22.830328009730003,23.849179370803412,1.0446271013118684,0.0,0.5733509246492287,0.9796882971923798,True,P_mid,S05,saddle
0.4520436758849927,22.643392602367005,23.670690006770926,1.045368528578908,0.0,0.5603202742413732,0.97829590837792,True,P_mid,S06,saddle
0.44645440620154153,22.78340448560185,23.806808668735766,1.0449188436162233,3.552713678800501e-15,0.5703621536574989,0.9795600464077167,True,P_mid,S07,saddle
0.4483912057736571,22.68806698272183,23.715313799174098,1.045276965077482,0.0,0.5669139498191615,0.9836423227276316,True,P_mid,S08,saddle
0.4451780536159957,22.7316532949872,23.755300885788113,1.0450318143391113,0.0,0.5667162135514814,0.9841168517793293,True,P_mid,S09,saddle
0.4412199306917917,22.76812393022481,23.78956582241982,1.0448628044772295,3.552713678800501e-15,0.5723871673784442,0.984521986350266,True,P_mid,S10,saddle
0.4414699931653151,22.790320994408095,23.812586134553133,1.0448552322012428,3.552713678800501e-15,0.5751632945366593,0.9845975952001987,True,P_mid,S11,saddle
0.44647273356874406,22.71689672578382,23.742166261009313,1.045132464508755,3.552713678800501e-15,0.5667846071959005,0.9837813986949882,True,P_mid,S12,saddle
0.4475181320334628,22.76854819795942,23.79047068301019,1.044883076257904,0.0,0.5701546738027587,0.9794704162053189,True,P_mid,S13,saddle
0.44551932977489483,22.685236192898323,23.711900199342367,1.045256923829845,0.0,0.5687385259262424,0.9845827857472249,True,P_mid,S14,saddle
0.44901983528066636,22.704649548079832,23.729209580343845,1.0451255602996374,0.0,0.5638962688818412,0.9796523335746934,True,P_mid,S15,saddle
0.44065287130751946,22.760060398414666,23.783586035407964,1.0449702513559493,0.0,0.5747521849000025,0.9850645940121656,True,P_mid,S16,saddle
0.44931851237886583,22.69745310929851,23.723491425732917,1.0452049977366873,0.0,0.5643575459233504,0.9797390716265957,True,P_mid,S17,saddle
0.4462441559917947,22.72253830748835,23.746542004817456,1.0450655504887691,0.0,0.5671318630346797,0.9836747076886165,True,P_mid,S18,saddle
0.4467274107517488,22.756344927095572,23.78068248472794,1.0450132726021704,0.0,0.5729944442960576,0.98245875160667,True,P_mid,S19,saddle
0.44476383775521366,26.405686277406367,27.50566880356496,1.0416570322998866,0.0,0.9951919429571451,0.9903390484058123,True,P_hard,S00,saddle
0.44278537539492036,26.20427956028339,27.32471660952977,1.042757788729463,0.0,0.9943386368924968,0.9920823800574042,True,P_hard,S01,saddle
0.44815092934592615,26.322553286358968,27.422178941196783,1.041775037659727,0.0,0.9942674880291215,0.9923647874173368,True,P_hard,S02,saddle
0.4441777910391512,26.30274596041412,27.415653607467707,1.0423114624126515,0.0,0.994488990145162,0.9918529779228676,True,P_hard,S03,saddle
0.4413439898272677,26.223608913149214,27.351068102137262,1.0429940513802702,0.0,0.9946087187138405,0.9914758319725796,True,P_hard,S04,saddle
0.4416710204428552,26.398148011233978,27.507453699408238,1.0420221027513819,0.0,0.9950874183371078,0.9899206062281691,True,P_hard,S05,saddle
0.4520436758849927,26.367328693184177,27.4427346549625,1.0407855484448947,0.0,0.9938774733186178,0.992407442442161,True,P_hard,S06,saddle
0.44645440620154153,26.403588190472323,27.513433057314565,1.0420338652018033,3.552713678800501e-15,0.9950424465796168,0.9904919179839187,True,P_hard,S07,saddle
0.4483912057736571,26.302023761371583,27.406591982059343,1.0419955601405084,0.0,0.9943456514926641,0.992307347593639,True,P_hard,S08,saddle
0.4451780536159957,26.321859596014164,27.441084531960037,1.0425207395345029,0.0,0.9948741086922316,0.9907848328659057,True,P_hard,S09,saddle
0.4412199306917917,26.31768818478121,27.44533361063506,1.0428474346962564,0.0,0.9948571075013406,0.9900154272687338,True,P_hard,S10,saddle
0.4414699931653151,26.31813225626989,27.450675656698188,1.043032818187867,0.0,0.9950273638675453,0.9903495052570793,True,P_hard,S11,saddle
0.44647273356874406,26.337078163589258,27.44258793369891,1.0419754144040931,0.0,0.9945550458397596,0.9916214368344459,True,P_hard,S12,saddle
0.4475181320334628,26.398049150591998,27.498817468573094,1.041698850990904,0.0,0.9948269199695463,0.991097858348915,True,P_hard,S13,saddle
0.44551932977489483,26.290413528066686,27.400405845305407,1.0422204206127732,0.0,0.9943029660779376,0.9924106045531292,True,P_hard,S14,saddle
0.44901983528066636,26.388171138898223,27.474092008952894,1.0411518048878325,0.0,0.9943706475893075,0.9916993869144932,True,P_hard,S15,saddle
0.44065287130751946,26.232689233064736,27.365315010016555,1.0431761214753466,0.0,0.9948018390773631,0.9908848753866767,True,P_hard,S16,saddle
0.44931851237886583,26.383208519413557,27.46909450734372,1.0411582233120409,3.552713678800501e-15,0.9943093971016091,0.9918104243126229,True,P_hard,S17,saddle
0.4462441559917947,26.339160171956884,27.44276434905442,1.041899748127601,0.0,0.9944970830768121,0.9913124663784879,True,P_hard,S18,saddle
0.4467274107517488,26.361022268413432,27.461569456613233,1.0417490329849048,0.0,0.9945245727895098,0.9918030317556489,True,P_hard,S19,saddle
0.49071517835302775,102.69662907071205,111.41778650317158,1.084921554985554,1.4210854715202004e-14,0.9868191822155096,0.9837096195944363,True,P_easy,S00,hemisphere
0.5036403902478962,102.46261269764926,111.2182950008305,1.0854524599037685,0.0,0.9867424608602837,0.9840774686752163,True,P_easy,S01,hemisphere
0.5062742388803353,102.43406102001165,111.15960976787392,1.085182103110777,1.4210854715202004e-14,0.9868925251416805,0.9837864531981936,True,P_easy,S02,hemisphere
0.49245668270509735,102.60761660134345,111.35079488846834,1.0852098370152612,1.4210854715202004e-14,0.9867396417761238,0.9839937805520468,True,P_easy,S03,hemisphere
0.4992650372633875,102.43943751161373,111.16362945675701,1.0851643874377404,0.0,0.9868737538718083,0.9838165581591504,True,P_easy,S04,hemisphere
0.4998116329329011,102.54433838416637,111.2657982577577,1.0850506230867445,1.4210854715202004e-14,0.9868622345884783,0.9836782110647757,True,P_easy,S05,hemisphere
0.49717778430046206,102.53379028426728,111.25714107292586,1.0850778144889965,0.0,0.9868515816884421,0.9837295728535924,True,P_easy,S06,hemisphere
0.5083614918432607,102.3887863805731,111.124641185288,1.085320425346622,0.0,0.9868509363074304,0.983822604061195,True,P_easy,S07,hemisphere
0.5015531372849706,102.50788733708782,111.25326358341641,1.0853141789721041,0.0,0.9867822022648988,0.9840391612443891,True,P_easy,S08,hemisphere
0.5018988858958265,102.4499856115128,111.1722866415888,1.0851371620797556,0.0,0.9868842199497209,0.9837658085659525,True,P_easy,S09,hemisphere
0.49509053133753644,102.61816470124255,111.35945207330016,1.08518265160468,1.4210854715202004e-14,0.9867498822667412,0.9839358685607938,True,P_easy,S10,hemisphere
0.4880813297205887,102.64390050167793,111.38566206970364,1.0851659136616967,1.4210854715202004e-14,0.9867364267454256,0.9840158537234854,True,P_easy,S11,hemisphere
0.497177784300462,102.52381192858898,111.26594045713126,1.0852692497878587,1.4210854715202004e-14,0.9867738008962381,0.984026771123957,True,P_easy,S12,hemisphere
0.4945439356680229,102.5132638286899,111.25728327229949,1.0852964691302946,0.0,0.9867637407187995,0.9840840480929041,True,P_easy,S13,hemisphere
0.49280243131595336,102.57007418460176,111.29200825416115,1.085033906223583,0.0,0.9868485985148968,0.9837507063916069,True,P_easy,S14,hemisphere
0.4859940767576632,102.77045538778822,111.51144031871405,1.0850534805741892,1.4210854715202004e-14,0.9867047479469638,0.9839729060376309,True,P_easy,S15,hemisphere
0.52129247836879,103.9092991273387,113.06688624610746,1.0881305830727075,1.4210854715202004e-14,0.9856076751700915,0.9801339686992016,False,P_easy,S16,hemisphere
0.5098070265886607,103.35102407588312,112.26989263336546,1.0862968571161313,0.0,0.986984178006665,0.9832545508294872,True,P_easy,S17,hemisphere
0.5348206662244552,102.99278683015879,111.70760535753298,1.0846158143263513,1.4210854715202004e-14,0.9831789967146931,0.9820002860634628,False,P_easy,S18,hemisphere
0.5205070333268219,103.6769452533444,112.66789766225558,1.0867208460563815,0.0,0.9866610964065803,0.9831616731542582,False,P_easy,S19,hemisphere
